section,handle,citation,source,open_access,contribution,hard_numbers,design_relevance,evidence_grade,limitations
A1,"HASEL-vs-muscle benchmark table — Rothemund et al., 2021","Rothemund, P., Kellaris, N., Mitchell, S. K., Acome, E., Keplinger, C. (2021). ""HASEL Artificial Muscles for a New Generation of Lifelike Robots — Recent Progress and Future Opportunities."" *Advanced Materials* 33, 2003375. (Online 2020.)",https://doi.org/10.1002/adma.202003375 — verified via PMC full text (https://pmc.ncbi.nlm.nih.gov/articles/PMC11469257/) and Semantic Scholar DOI record.,"yes (CC-BY, PMC11469257)","The authoritative side-by-side table of HASEL electrohydraulic artificial muscle performance against natural skeletal muscle, written by the group that invented the technology. It is the single best source for ""how close is the best electrostatic soft actuator to muscle, honestly.""","Natural muscle: 0.35 MPa stress, 20% typical / 40% max strain, 50 W/kg avg and 200 W/kg peak specific power, 8 J/kg typical / 40 J/kg max specific energy, 40% efficiency, 500 %/s peak strain rate, ~10⁹ cycle life. HASEL: 0.3 MPa (planar), 0.21 MPa (Peano), 0.09 MPa (HS-Peano); strain up to 124% (planar) / 118% (quadrant donut) / 24% (HS-Peano); 614 W/kg at resonance (planar), 360 W/kg peak (Peano); 70 J/kg at resonance; 19–21% efficiency; 126 Hz bandwidth (quadrant donut), 7400 %/s peak strain rate; drive voltages 10 kV (Peano), 12 kV (quadrant donut), 22.5 kV (planar); cycle life 10⁶ (elastomeric) and 10⁴–10⁵ (thermoplastic).","Sets the ceiling. HASEL matches muscle in *stress* (0.3 vs 0.35 MPa) and beats it in specific power, but that stress is only achievable over tiny cross-sections at 10–22 kV. It tells the team that the electroactive family is not stress-limited — it is cross-section, voltage and packaging limited.",D (review by the originating lab; underlying numbers are B),"Every number is per-actuator on a bench. Nothing here addresses carrying a static gravity load for minutes, backdriving under a 700 N leaning adult, or the 10–22 kV supply sitting inside a torso that a frail person touches. Cycle life of 10⁴–10⁵ for the thermoplastic variants is a few weeks of assistive duty at best. ---"
A1,"Electrohydraulic force/strain census — Tynan et al., 2025","Tynan, L., Gunawardana, U., Liyanapathirana, R., Perera, O., Esposito, D., Centracchio, J., Gargiulo, G. (2025). ""Review of Electrohydraulic Actuators Inspired by the HASEL Actuator."" *Biomimetics* 10(3), 152.",https://doi.org/10.3390/biomimetics10030152 — verified via PMC full text (https://pmc.ncbi.nlm.nih.gov/articles/PMC11939893/).,"yes (MDPI, CC-BY)","A complete tabulated census of every published electrohydraulic / HASEL-derived actuator variant with force, strain, voltage and specific power. This is the ""how much force has anyone ever actually gotten out of one of these"" table.","*Expanding:* elastomeric donut HASEL 2.45–3.92 N @ 21 kV, 40–50% strain; planar HASEL 2.45–14.72 N @ ~22.5 kV, 79% strain, 614 W/kg, 70 J/kg; quadrant HASEL (3-stack) ~60 N @ 12 kV, 118% strain, 121 W/kg, 12 J/kg; HEXEL <2 N; HAXEL 0.1–0.8 N @ 2 kV; LEAP 0.017 N. *Contracting:* Peano-HASEL (3-stack) 9.81–60 N @ 10 kV, 9–15% strain, 160 W/kg; HS Peano-HASEL 18 N @ 10 kV, 24% strain; HEXEL (contracting) 37.6 N @ 9.5 kV; EBM (6-series) ~7 N; electro-ribbon 0.172 N; EPP-BAM 0.981 N; HALVE 5 N @ 1.1 kV, 50.5 W/kg. Authors' conclusion quoted: *""low force and displacement still limit the viability of the soft actuators in real-life applications.""*","Kills the electroactive family for this project outright. The maximum force ever reported from any electrohydraulic actuator is ~60 N from a multi-unit stack at 12 kV — that is the whole end-effector target, from an actuator that then has to be multiplied by a moment arm. There is no path from this table to 10–40 Nm at a shoulder.",D (review; sources are B),"Review of bench characterisations only; no assembled limb, no sustained load-holding data, no contact-safety data. ---"
A1,"Soft shoulder actuator, measured at the joint — Zhang et al., 2024","Zhang, H., Naquila, G. J., Bae, J., Wu, Z.-H., Hingwe, A., Deshpande, A. D. (2024). ""Novel bio-inspired soft actuators for upper-limb exoskeletons: design, fabrication and feasibility study."" *Frontiers in Robotics and AI* 11, 1451231.",https://doi.org/10.3389/frobt.2024.1451231 — verified via Frontiers full text and Semantic Scholar DOI record. Preprint mirror: arXiv:2509.01145.,yes (CC-BY),"Two purpose-built silicone pneumatic actuators — LISPER (elbow) and SCASPER (shoulder) — characterised for torque, ROM and bandwidth, with an analytical pressure→torque model. The authors explicitly built SCASPER because LISPER's output was too weak for the shoulder, and published both numbers.","LISPER (elbow): 12.5 N max output force, **0.6 Nm max torque**, 112.2° ROM, 100 kPa max, 259 g, 132×55×92 mm. SCASPER (shoulder): 49.5 N max output force, **5.5 Nm max torque**, 122.5° ROM, 150 kPa max, 183 g, 122×91×132 mm. Bellows contribute ~35% of total output force. Authors state the LISPER ""output force … is insufficient to support motions of shoulder.""","This is the most direct measurement of the gap in the whole set. A purpose-designed, state-of-the-art, fully soft silicone shoulder actuator produces 5.5 Nm — roughly one seventh of the low end of a 10–40 Nm shoulder requirement, and it does so with no structural load path of its own.","B (hardware-validated; ""preliminary test on a dummy arm"", no humans)","Wearable actuator mounted on a human skeleton that carries the load; the torque number is assistive torque added to a limb, not torque a freestanding structure must generate and react. Dummy-arm testing only. No durability or contact-safety data. ---"
A1,"Dual-DOF soft shoulder exosuit with human trial — Chen et al., 2026","Chen, R., Chiaradia, D., Leonardis, D., Frisoli, A. (2026). ""Design and Characterization of a Dual-DOF Soft Shoulder Exosuit with Volume-Optimized Pneumatic Actuator."" arXiv preprint arXiv:2602.18212.",https://arxiv.org/abs/2602.18212 — verified by fetching both the arXiv abs page and the full HTML (https://arxiv.org/html/2602.18212).,yes (arXiv preprint; peer-review status unconfirmed),"A two-actuator soft pneumatic shoulder exosuit (curved abduction actuator + horizontal adduction actuator) with a geometry optimisation that cuts actuator volume while keeping torque, plus a 10-subject EMG study. It is currently the highest joint-level torque reported for a *fully soft pneumatic* shoulder actuator that has been on real people.","CAA max moment **9.7 Nm at ~90° abduction, 90 kPa**. HAA modelled max torque **10.93 Nm at β=60°, 90 kPa**, falling to 4.64 Nm at β=120°. Operating pressures swept 10–90 kPa; demonstrations at 80 kPa (CAA) and 50 kPa (HAA). Actuator volume 357 mL vs 555 mL baseline (−35.7%) at 94.2% torque retention; fall time 35.2% faster at 90 kPa. Wearable mass 390 g. Ten healthy subjects (5 M / 5 F, 27.1 ± 3.0 y); EMG reduction up to 59% (abduction, HAA only) and 63.7% (flexion, dual actuator) across seven muscles.","This is the practical ceiling number to quote in the design review: ~10 Nm per soft pneumatic shoulder actuator at 90 kPa. It lands at the very bottom of the 10–40 Nm band and only with a tuned geometry, a tether, and a human skeleton underneath.","A (hardware, 10 human subjects, EMG outcome measures) — with the caveat that this is a preprint.","Exosuit, not a freestanding arm: the torque is reacted through the wearer's torso. Healthy young subjects, not elderly or rehab patients. Tethered pneumatics. No leaning/impact load case. Preprint, unreviewed. ---"
A1,"Soft pneumatic bundles — highest verified torque from an all-soft module — Robertson et al., 2017","Robertson, M. A., Sadeghi, H., Florez, J. M., Paik, J. (2017). ""Soft Pneumatic Actuator Fascicles for High Force and Reliability."" *Soft Robotics* 4(1), 23–32.",https://doi.org/10.1089/soro.2016.0029 — verified via PMC full text (https://pmc.ncbi.nlm.nih.gov/articles/PMC5346960/).,yes (PMC5346960),"Bundling multiple thin fiber-reinforced soft pneumatic actuators into a ""fascicle"" beats a single actuator of equal volume on force, and scales to a multi-DOF platform. It is the clearest demonstration that soft pneumatics scale by *parallelism*, not by inflating one actuator bigger.","Single SPA 26 N blocked force, 28 g, 145 mm × 17 mm, ~2 Hz bandwidth. 4Pack fascicle **112 N blocked force**, 185 g, ~0.61 N/g, ~2 Hz. Full platform 945 g, **468 N total force capacity, 18 N·m maximum moment**, 1.33 Hz bandwidth. Operating pressure 200 kPa gauge (2 bar max). Fiber angle 75.2°, 16 wraps. Fascicle gains 23% force over an equivalent single SPA.","The 18 Nm figure is the single strongest ""yes it can"" data point in this literature, and it is the number to defend a soft pneumatic shoulder with. It also fixes the scaling law for the design: to double torque, double the number of actuators and the mass and the air flow. Bandwidth of 1.3–2 Hz sets the control ceiling for D1.","B (hardware-validated, no humans)","A bending platform, not a revolute shoulder — the 18 Nm is a bending moment over a short structure, with unknown behaviour under an off-axis leaning load. 2007-era silicone, no fatigue data at load. 200 kPa plumbing plus compressor is a large fraction of a freestanding torso's mass and noise budget, and 1.33 Hz is slow for reacting to a fall. ---"
A1,"Soft-rigid hybrid joint, the realistic fallback — Dimonte et al., 2026","Dimonte, G., Gandolla, M., Proietti, T. (2026). ""A bioinspired hybrid robotic joint for safer physical human–robot interaction."" *Bioinspiration & Biomimetics* 21(4), 046004.",https://doi.org/10.1088/1748-3190/ae72db — verified via IOPscience article page.,partial (IOP; check institutional access),"A rigid frame driven by an antagonistic pair of thermoplastic-polyurethane pneumatic artificial muscles, with two model-free controllers that regulate joint angle and joint compliance independently. Demonstrates that you can keep a tuneable-compliance, human-safe joint while getting force levels a fully soft link cannot reach.","PAM isometric force **400 N at 240 kPa**; stroke/stretchability 80 mm; material density 0.3 g/cm³. Position control <2° RMSE, <1% overshoot, rise time <1.3 s. **Stiffness modulation range 0.054–0.076 Nm/deg** (≈3.1–4.4 Nm/rad).","This is the architecture the project probably ends up with. 400 N of muscle force on a rigid moment arm of 50–100 mm gives 20–40 Nm directly — the target band — while antagonistic pressure still gives real, controllable compliance. It also supplies a measured stiffness range to quote in the safety case.","B (hardware-validated, no human subjects)","Single joint on a bench, not a two-arm torso. The stiffness modulation range is narrow (about 40% span) — it will not go floppy on demand. 240 kPa PAMs mean a compressor, valves and a plumbing failure mode. No impact or leaning-load testing, and the rigid frame reintroduces exactly the hard edges and pinch points the ""soft"" premise is trying to avoid. ---"
A1,"The honesty framing — Hawkes, Majidi & Tolley, 2021","Hawkes, E. W., Majidi, C., Tolley, M. T. (2021). ""Hard questions for soft robotics."" *Science Robotics* 6, eabg6049.",https://doi.org/10.1126/scirobotics.abg6049 — verified via the Semantic Scholar Graph API DOI record (publisher page returns 403 to automated fetch).,no (CLOSED per Unpaywall),"Three senior figures in the field argue that soft robotics has been coasting on ""soft for soft's sake"" and propose a three-tier test for whether a soft solution actually contributes: does softness enable something otherwise impossible, or is it decoration?",none reported (position piece).,"This is the paper to cite in the design review when justifying a soft-rigid hybrid over a fully soft arm. It gives the team permission — from the field's own leadership — to say ""we went soft only where softness buys safety, and rigid where it buys torque,"" and it is the strongest defence against a reviewer asking why the arm isn't monolithically soft.",D (review / position),No data. Purely a framing device. ---
A1,"Untethered soft pneumatic arm, whole-system numbers — Zuo et al., 2025","Zuo, R., Han, D. H., Li, R., Jamal, S., Bruder, D. (2025). ""UMArm: Untethered, Modular, Portable, Soft Pneumatic Arm."" arXiv preprint arXiv:2505.11476 (v2, Dec 2025).",https://arxiv.org/abs/2505.11476 — verified via arXiv abs page and full HTML (https://arxiv.org/html/2505.11476v2).,yes (arXiv preprint; peer-review status unconfirmed),"A complete untethered soft arm: 24 valve-embedded self-regulated McKibben actuators, no external pressure regulators, directionally tunable compliance, demonstrated as a wearable assistive arm. It is the closest published system to ""a soft arm you could bolt to a torso and run off-grid.""","**53.3 N blocked force at 1.15 kg arm mass** (regulators included). Max tested payload 2 kg. Input pressure 276 kPa (40 psi). 3 segments, 12 revolute joints, ±0.3 rad (±17.2°) per joint. 24 independently controlled McKibben actuators (8/segment). Antagonistic stiffness settings 14 / 55 / 110 kPa. Steady-state positional RMSE 0.85 mm at zero load, 110 kPa, 1× gain. Step settling 2–6 s depending on load and stiffness. Untethered runtime 11 min 45 s from a 1.11 L tank at 31 MPa.","Gives the team a system-level reality check that bench actuator specs never do: the *entire* soft arm produces 53 N — mid-band for the 10–100 N end-effector target — and runs for under 12 minutes untethered on a 310 bar tank. For a freestanding assistant, this says: plan for a tethered compressor, not bottled gas.","B (hardware-validated, no human-subject study)",Preprint. ±17° per joint is a small range. 2–6 s settling is far too slow to catch a stumbling person. No contact-safety or leaning-load characterisation. Runtime number effectively rules out an untethered pneumatic torso. ---
A1,"Electrohydraulic joint torque, measured — Kellaris et al., 2021","Kellaris, N., Rothemund, P., Zeng, Y., Mitchell, S. K., Smith, G. M., Jayaram, K., Keplinger, C. (2021). ""Spider-Inspired Electrohydraulic Actuators for Fast, Soft-Actuated Joints."" *Advanced Science* 8(14), 2100916.",https://doi.org/10.1002/advs.202100916 — verified via PMC full text (https://pmc.ncbi.nlm.nih.gov/articles/PMC8292915/).,"yes (CC-BY, PMC8292915)","The best-performing electrohydraulic *rotary joint* published — a spider-inspired soft joint combining Peano-HASEL and pouch-motor principles, characterised directly in torque rather than linear force.","**Blocked torque up to 70 mN·m.** Specific torque up to 21.2 N·m/kg (actuator mass only). Roll-off frequency up to 24 Hz. 6–9 kV DC. Actuator mass 1.36 g (2×4×1 cm). 70° range at 9 kV, ~180° in series. Specific power up to 230 W/kg. Rise time 12 ms, fall time 31 ms. >2000 cycles with <3% degradation. Holding power <1 mW vs 140 mW for a comparable servo.","The decisive negative result for the electroactive route. 70 mN·m is **~150–570× short** of a 10–40 Nm shoulder. The 21.2 N·m/kg specific torque is genuinely servo-class, but only if you ignore the kV supply mass; scaling the actuator mass to reach 40 Nm implies ~1.9 kg of actuator plus high-voltage electronics at the joint.","B (hardware-validated, no humans)","6–9 kV at a joint a frail person may grab. >2000 cycles is not a service life. Specific torque excludes driver mass, which dominates at this scale. ---"
A1,"Canonical HASEL — Acome et al., 2018","Acome, E., Mitchell, S. K., Morrissey, T. G., Emmett, M. B., Benjamin, C. E., King, M., Radakovitz, M., Keplinger, C. (2018). ""Hydraulically amplified self-healing electrostatic actuators with muscle-like performance."" *Science* 359(6371), 61–65.","https://doi.org/10.1126/science.aao6139 — verified via the Semantic Scholar Graph API DOI record (title, authors, venue, volume 359, pages 61–65, year 2018).",no,"The founding HASEL paper: electrostatic Maxwell stress pumps a liquid dielectric to produce large-strain, self-healing, muscle-like actuation.","Single-unit actuator 107% linear strain under a **250 g load**; two-unit actuator 124% linear strain under a **700 g load**. Peak specific power during contraction 614 W/kg, specific work 70 J/kg (two-unit), ~2× natural muscle peak specific power. (Cross-checked against Rothemund 2021 and Tynan 2025, which report the same values; the Science page itself is paywalled to automated fetch.)","The headline ""muscle-like"" claim that will come up in any design review — and the numbers that deflate it for this application. 700 g of load is ~7 N. Cite this with the load figure attached, not the power-density figure.","B (hardware-validated, no humans)","Load figures are grams, not tens of newtons. Liquid dielectric plus ~20 kV inside an assistive device that contacts skin is a hazard analysis the team does not want. ---"
A1,"Where the power-density gap actually sits — Kim et al., 2025","Kim, T., Dunn, E. A., Chen, M., Truby, R. L. (2025). ""Architected Soft Actuators for Artificial Musculoskeletal Systems."" *Advanced Materials* 37(43), e2501290.",https://doi.org/10.1002/adma.202501290 — verified via PMC full text (https://pmc.ncbi.nlm.nih.gov/articles/PMC12574648/).,yes (PMC12574648),"Low-voltage motorised-tendon soft actuators built into architected musculoskeletal assemblies, with an unusually candid comparison against muscle — including the authors admitting their own actuators sit an order of magnitude below muscle.","Actuators: 29.5% linear strain, **75 N max force**, 22.8 W/kg peak power density (pulling), ~3.7 J/kg peak energy density, **<10 V drive**. Quoted directly: *""The maximum power and energy densities of muscle (200 W kg⁻¹ and 40 J kg⁻¹) are still an order of magnitude higher than our actuators' (40 W kg⁻¹ and ≈4 J kg⁻¹).""* Authors also note that once auxiliary hardware mass is counted, motorised actuators beat other soft actuators' power and energy density by four orders of magnitude.","Two things the team should take: (1) the honest muscle-vs-soft-actuator gap number to quote — one order of magnitude on power, ten on energy; (2) the auxiliary-hardware argument, which is the strongest technical case for a motor-plus-compliance (SEA/VSA) architecture over fully soft. Once you count the compressor, tank, valves or the kV driver, ""soft"" actuators lose their power-density advantage outright.","B (hardware-validated, no humans)","75 N is a tendon force, not a joint torque; no shoulder-scale demonstration. Comparative claims rest on supplementary tables not reproduced in the main text. ---"
A1,"SMA reality check — Shami, Arslan & Lomax, 2025","Shami, Z., Arslan, T., Lomax, P. (2025). ""Wearable Soft Robots: Case Study of Using Shape Memory Alloys in Rehabilitation."" *Bioengineering* 12(3), 276.",https://doi.org/10.3390/bioengineering12030276 — verified via PMC full text (https://pmc.ncbi.nlm.nih.gov/articles/PMC11939777/).,"yes (MDPI, CC-BY)","A tabulated review of every significant SMA-actuated rehabilitation device, with force, cooling time, current draw and efficiency for each. It is the fastest way to conclude that SMA is not viable here.","0.38 mm NiTi wire: 22.06 N (22.5 N heating / 9 N cooling), 2.2 A drive. SMA spring 0.25 N each; 3 in parallel 0.75 N. Hand exoskeleton 10 N per fingertip, 40 N grip. AAFO 8-wire 70 N. Platform ankle robot 110 N max force. SHADE ankle 13 N/actuator, 200 N·cm (**2 Nm**) max torque; Leia ankle 100 N·cm (**1 Nm**). Nitinol max contraction 4.5% (wires 3–5%); springs >100%; knitted actuators >40%. Stress limits 266–300 MPa. **Cooling: 2.0 s (0.15 mm wire) to 16.8 s (0.51 mm wire) at 70 °C; 40–50 s for a knee orthosis on natural convection; 3.57 s with forced convection.** Actuation frequency 0.143–0.5 Hz. Efficiency **10–15%**. Work density 10 J/cm³ (25× electric motors). Power draw e.g. 28.8 W for a knee+ ankle device; 10.2 A at 14.7 V for a fabric muscle.","Eliminates SMA. Highest joint torque anyone has published in a wearable SMA device is 2 Nm, at 0.14–0.5 Hz, at 10–15% efficiency, with cooling times measured in tens of seconds. A torso a person leans on needs to hold load continuously — which for SMA means continuous heating at ~10% efficiency, i.e. a hot device against skin.",D (review; underlying devices are A/B),"Review, not primary data. All devices are wearables with the load path through the human skeleton. ---"
A1,"Twisted/coiled polymer — the canonical claim — Haines et al., 2014","Haines, C. S., Lima, M. D., Li, N., Spinks, G. M., Foroughi, J., Madden, J. D. W., Kim, S. H., Fang, S., Jung de Andrade, M., Göktepe, F., Göktepe, Ö., Mirvakili, S. M., Naficy, S., Lepró, X., Oh, J., Kozlov, M. E., Kim, S. J., Xu, X., Swedlove, B. J., Wallace, G. G., Baughman, R. H. (2014). ""Artificial Muscles from Fishing Line and Sewing Thread."" *Science* 343(6173), 868–872.",https://doi.org/10.1126/science.1246906 — verified via the Semantic Scholar Graph API DOI record including full abstract. Green OA copy on figshare.,"partial (green OA, CC-BY, figshare)","Twisting commodity nylon fibre past the coiling point produces a thermally driven tensile actuator with very large stroke and extreme specific work. The origin of every ""artificial muscle from fishing line"" headline.","49% contraction; lifts loads **>100× heavier than human muscle of the same length and weight**; **5.3 kW/kg mechanical work per kg of muscle**; long cycle life, non-hysteretic, scalable by twist insertion.","Sets the aspirational upper bound for TCP, and is the number a reviewer will quote at the team. The honest counter is in the next entry: per-actuator absolute force and bandwidth, not specific work, are what a shoulder needs.","B (hardware-validated, no humans)","Thermally driven — heating and cooling set the bandwidth, and cooling is uncontrolled. 5.3 kW/kg is a *peak* figure at resonance-like conditions, not sustained load-holding. No joint, no robot, no load path. ---"
A1,"Twisted/coiled polymer — what it actually delivers today — Sun et al., 2025","Sun, J., Zhang, S., Deng, J., Li, J., Zhou, D., Wang, D., Liu, J., Chen, W., Liu, Y. (2025). ""High-Performance Twisted Nylon Actuators for Soft Robots."" *Research* 8, 0642.","https://doi.org/10.34133/research.0642 — verified via PMC full text (https://pmc.ncbi.nlm.nih.gov/articles/PMC11912876/) and the NCBI eSummary record for PMID 40099267 (confirms 2025, vol 8, pages 0642).",yes (PMC11912876),"A current best-effort attempt to push twisted nylon actuators toward useful absolute force via parallel-twisted and untwisted-parallel architectures, with the structural trade-off stated explicitly.","PTNA (parallel-twisted) **11.0 N output force**, 12.1% contraction under 15 N load (≈10,000× its own weight), 20.3% contraction at 9 N, 0.25 s heating cycle. PTUNA 3.67 N, 53.7% contraction at 2 N. TUNA 60.2% contraction (vertical), ~100% horizontal, ~10 s to reach 110 °C, 0.5 N load. Five TUNAs launched a ball to 131 cm in 0.05 s (4.0 m/s). Stated trade-off: *""increasing the diameter enhances deformation but also reduces stiffness, thereby decreasing the output force.""*","Eliminates TCP. Eleven newtons from a state-of-the-art 2025 bundle, with a thermal actuation cycle, against a 10–100 N end-effector requirement and a shoulder joint. The quoted diameter/stiffness trade-off explains why this family does not scale up by making the actuator bigger.","B (hardware-validated, no humans)","Thermal, so bandwidth and duty cycle are poor, and sustained load-holding means sustained heating. No joint, no assistive demonstration, no safety analysis. ---"
A1,"Low-voltage DEA — the best case for dielectric elastomers — Peng et al., 2026","Peng, J.-B., Zhuo, J.-S., Qiu, H., Normahmedov, O., Shi, M.-K., Dong, H.-F., Wang, L., Jiang, S.-C., Zou, J., Gu, G.-Y., Li, T.-F., Fu, W.-F., Peng, B., Ma, H.-Z., Shi, Y. (2026). ""Low-voltage and high-output dielectric elastomer actuators for untethered soft machines working at 200 volts."" *Science Robotics* 11(111), eady9635.",https://doi.org/10.1126/scirobotics.ady9635 — verified via the Semantic Scholar Graph API DOI record including full abstract.,no,"A new high-permittivity elastomer plus dry-stacked multilayering drops DEA drive voltage from kilovolts to 200 V while keeping useful energy and power density — the single biggest obstacle to DEAs in human-contact devices, directly addressed.","**38.4 J/kg energy density, 452 W/kg power density at 20 V/µm nominal field**, no prestretch, no resonance. Operation demonstrated at **200 V**. Untethered wearable devices and soft robots built and run.","The only credible path by which DEAs become safe enough to sit in a torso a person touches. Worth tracking, not worth designing around for a senior design cycle: the paper reports energy/power density, not force or torque, so there is no number the team can put in a torque budget. Note 38.4 J/kg is still below muscle's 40 J/kg maximum.","B (hardware-validated, no humans)","No force or torque figure reported at all — this is the single most important omission for this project. Multilayer dry stacking at scale is a manufacturing research problem. Published 2026; no independent replication. --- These were verified but are lower value for the actuation decision. Full BibTeX in `A1.bib`. - **Gravert et al. (2024), ""Low-voltage electrohydraulic actuators for untethered robotics,"" *Science Advances* 10, eadi9319, doi:10.1126/sciadv.adi9319** (verified via S2 DOI record; CC-BY). HALVE actuators match mammalian skeletal muscle in average power density (**50.5 W/kg**) and peak strain rate (**971 %/s**) at **1100 V**, 4.9× lower than prior art. Per Tynan 2025, HALVE force is **5 N**. Safe-to-touch and waterproof — relevant to C1/C2 — but 5 N is nowhere near this project's needs. Grade B. - **Li, Vogt, Rus & Wood (2017), ""Fluid-driven origami-inspired artificial muscles,"" *PNAS* 114(50), 13132–13137, doi:10.1073/pnas.1713450114** (verified via S2 DOI record with full abstract; hybrid OA). >90% contraction, **~600 kPa stress, >2 kW/kg peak power density**, driven at *negative* pressure (safer than positive-pressure fluidics). The famous ""1000× own weight"" claim comes from here. Relevant as a vacuum-actuation option for C1 safety, but the absolute forces are small and the architecture is contractile-linear, not a shoulder. Grade B. - **Bruder, Graule, Teeple & Wood (2023), ""Increasing the payload capacity of soft robot arms by localized stiffening,"" *Science Robotics* 8, eadf9001, doi:10.1126/scirobotics.adf9001** (verified via S2 DOI record with full abstract; paywalled — NASA NTRS mirror ntrs.nasa.gov/citations/20250001131 was 503 on three attempts, so **I did not extract its numeric results**). Model-based method: stiffen localised body regions to cut end-effector compliance without losing ROM, raising the height at which an arm can lift a payload. Directly relevant to B1/A2. **Hard numbers: not extracted — do not cite numerically until someone opens the PDF.** Grade B. - **Zhang, Long, Chen, Wu, Wang & Jiang (2023), ""Soft and lightweight fabric enables powerful and high-range pneumatic actuation,"" *Science Advances* 9, eadg1203, doi:10.1126/sciadv.adg1203** (verified via S2 DOI record with full abstract; CC-BY-NC). Less-stretchable fabric pneumatic actuators; three-actuator gripper with **>150 N grasping force**, 70–350 mm range, low input pressure, fast response. The material argument (low stretchability → higher payload) transfers to the arm even though the demo is a gripper. Grade B. - **Pan, M. et al. (2022), ""Soft Actuators and Robotic Devices for Rehabilitation and Assistance,"" *Advanced Intelligent Systems* 4, 2100140, doi:10.1002/aisy.202100140** (verified via S2 DOI record with full abstract; gold OA, CC-BY). The canonical review covering the whole assistive soft-actuator space by actuation principle. Authors state the field ""is in its infancy."" Use as the survey citation; it is not a source of hard numbers. Grade D. - **Mirvakili & Hunter (2018), ""Artificial Muscles: Mechanisms, Applications, and Challenges,"" *Advanced Materials* 30, 1704407, doi:10.1002/adma.201704407** (verified via S2 DOI record; abstract elided by publisher; closed access). The standard cross-technology artificial-muscle review. Cited for completeness; Rothemund 2021 and Tynan 2025 above give the team better, open-access numbers. Grade D. - **Madden, J. D. W. et al. (2004), ""Artificial muscle technology: physical principles and naval prospects,"" *IEEE Journal of Oceanic Engineering* 29(3), 706–728, doi:10.1109/JOE.2004.833135** (verified via S2 DOI record: title, all nine authors, venue, vol 29, pp. 706–728; abstract elided; closed access). The original cross-technology comparison table (stress, strain, efficiency, bandwidth) that every later review descends from. Historically canonical; twenty years stale on HASEL/TCP. Grade D. --- No genuinely soft actuator technology reaches a 10–40 Nm shoulder, and only one family gets close enough to argue about. Every electroactive option is out by two to three orders of magnitude: the highest joint torque ever published from an electrohydraulic soft joint is 70 mN·m (Kellaris 2021), the highest force from any HASEL-family actuator ever is ~60 N from a multi-unit stack at 12 kV (Tynan 2025), and the DEA state of the art (Peng 2026) reports no force figure at all — it reports 38.4 J/kg, still under muscle's 40 J/kg. SMA tops out at 2 Nm in a published wearable at 10–15% efficiency with 3–17 s cooling and 0.14–0.5 Hz bandwidth (Shami 2025); twisted/coiled polymer tops out at 11 N per bundle and gets weaker as you make it bigger (Sun 2025). Both are thermal, which means holding a static gravity load means holding a heater against a frail person's arm — that is a disqualifying failure mode, not a tuning problem. Fluidic soft actuation is the only family in range: purpose-built soft pneumatic shoulder actuators deliver 5.5 Nm (Zhang 2024) and 9.7–10.9 Nm at 90 kPa (Chen 2026, 10 human subjects), and a bundled soft pneumatic platform reached 18 Nm at 2 bar (Robertson 2017) — so the bottom of the target band is reachable with all-soft pneumatics, the top of it is not, and the price is a compressor, valves, 1.3–2 Hz bandwidth and 2–6 s settling times (Zuo 2025) that are far too slow to catch someone falling. The architecture that actually clears 10–40 Nm is the soft-rigid hybrid: 400 N TPU pneumatic muscles at 240 kPa on a rigid antagonistic frame, with measured stiffness modulation of 0.054–0.076 Nm/deg (Dimonte 2026), which is 20–40 Nm on a 50–100 mm moment arm. One further caveat the team must not skip: every torque number above comes from a *wearable*, where the human skeleton carries the reaction load — a freestanding torso must generate that torque **and** react a leaning adult's body weight through its own structure, and no paper in this set characterises that case, which pushes the real problem into B1 (structure) as much as A1 (actuation). Plan on a hybrid, spend the softness budget on the contact surfaces and the outer 100 mm of the arm, and treat ""fully soft arm"" as a claim the evidence does not support. ---"
A2,"Crash-test HIC — Haddadin, Albu-Schäffer & Hirzinger, 2007","S. Haddadin, A. Albu-Schäffer, G. Hirzinger, ""Safety Evaluation of Physical Human-Robot Interaction via Crash-Testing,"" *Robotics: Science and Systems III*, Atlanta, GA, 2007, pp. 217–224.",10.15607/RSS.2007.III.028 — verified by fetching and text-extracting the full PDF at https://www.roboticsproceedings.org/rss03/p28.pdf (also reissued as MIT Press chapter 10.7551/mitpress/7830.003.0029).,yes (full PDF free at roboticsproceedings.org).,"DLR LWR-III driven into certified ADAC automotive crash-test dummies (head, neck, chest) at controlled TCP speeds, scored against the EuroNCAP protocol. It is the only paper in this set that puts a compliant robot arm against a standardized injury protocol.","robot 14 kg, 7-DOF, ~4 kg effective mass at TCP, 1 kg aluminium impactor. TCP speeds tested 0.2 / 0.7 / 1.0 / 1.5 / 2.0 m/s. **HIC36 < 25 at 2 m/s**, against a EuroNCAP limit of 650 (= 5% probability of AIS≥3). Chest 3 ms criterion at 2 m/s reached **< 20% of the 72 g limit**. Simulation sweep (fitted to the measured impact data, Hunt-Crossley contact) over robot masses 1/4/10/50/100/500 kg and speeds to 10 m/s shows **HIC saturates with increasing robot mass** — beyond a point, more mass does not raise HIC. Quoted ISO-10218 collaborative limits: TCP ≤ 0.25 m/s, dynamic power ≤ 80 W, static force ≤ 150 N. Paper's own conclusion: ""no robot whatever mass it has could become dangerous at 2 m/s by means of the presented criteria as long as clamping and impacts with sharp surfaces can be excluded.""","This is the paper that tells the design team where the safety argument actually lives. Free-flight blunt impact from a low-speed arm is **not** the dominant hazard and is already survivable; the hazard is **clamping / quasi-static constrained contact**, where inertia stops helping and only force limiting and release behaviour matter. For a torso a person leans on, essentially every dangerous contact is the constrained kind.","A — hardware, certified crash facility, standardized (EuroNCAP) protocol, instrumented dummies.","Dummies, not people; unconstrained frontal impacts only; sharp edges and tools explicitly excluded; head/neck/chest only, no lean-on or entrapment loading; the LWR-III is a serial arm, not a torso with a person's weight on it. The paper itself notes dummy response over-predicts real injury severity at these speeds. ---"
A2,"Compliance does not reduce HIC — Haddadin, Albu-Schäffer, Eiberger & Hirzinger, 2010","S. Haddadin, A. Albu-Schäffer, O. Eiberger, G. Hirzinger, ""New insights concerning intrinsic joint elasticity for safety,"" *Proc. IEEE/RSJ Int. Conf. on Intelligent Robots and Systems (IROS)*, Taipei, 2010, pp. 2181–2187.",10.1109/IROS.2010.5652037 — verified via Crossref (authors/pages/venue) and OpenAlex (full abstract retrieved); IEEE listing https://ieeexplore.ieee.org/document/5652037/.,partial (TUM mediaTUM record 1438559 is listed as the OA location; the landing page was behind a bot filter when I fetched it).,"The most important counter-evidence in this whole topic. From the verified abstract: intrinsic joint elasticity **does not reduce HIC or impact forces** compared to conventional actuation that already has some joint elasticity, for full-scale robots — and the authors ""elaborate conditions under which intrinsically compliant actuation is potentially *more dangerous* than rigid one.""","none verified. I retrieved the abstract, not the full text; the numerical conditions and thresholds are in the body and I will not paraphrase numbers I did not read.","Kills the lazy version of this project's safety argument. ""We put springs in it, therefore it is safe"" is not a defensible claim, and this is the paper a reviewer will hit you with. If the team goes SEA/VSA, the safety case must be built on **measured contact force limits and reaction behaviour**, not on the presence of a spring. Also flags the real compliant-actuator hazard: stored spring energy released on the human.","B — hardware experiments plus analysis; the collision detection/reaction schemes are experimentally verified, but there is no human or standardized-protocol testing.","""Full scale robots"" is the stated scope; a low-speed, low-inertia assistive torso is exactly the regime where the conclusion might not hold, and the paper does not test that regime. Conference-length treatment. ---"
A2,"Foundational SEA — Pratt & Williamson, 1995","G. A. Pratt, M. M. Williamson, ""Series elastic actuators,"" *Proc. 1995 IEEE/RSJ Int. Conf. on Intelligent Robots and Systems (IROS): Human Robot Interaction and Cooperative Robots*, Pittsburgh, PA, vol. 1, pp. 399–406.","10.1109/IROS.1995.525827 — verified via Crossref (Pratt, G.A.; Williamson, M.M.; vol 1, pp. 399–406) and OpenAlex (abstract retrieved, 2211 citations).",no (IEEE paywalled; the widely circulated copy is an author preprint).,"States the entire tradeoff the design team is about to make. Deliberately softening the actuator-load interface buys shock tolerance, lower reflected inertia, accurate and stable force control, less damage to the environment, and energy storage — and **costs zero-motion force bandwidth**. Validated on a revolute SEA for the MIT Cog humanoid arms and a small planetary rover.","none verified. The abstract is qualitative; the bench results are in the body, which I did not access. Do not cite a bandwidth figure to this paper without reading it.","The canonical citation for why a spring in series is a design choice and not a compromise. Also the source of the argument the team will lean on: for contact-rich ""natural"" tasks, zero-motion force bandwidth is the wrong figure of merit — which is exactly the argument this project needs, because an assistive torso does slow, high-force, contact-rich work.","B — hardware testbed, no humans, no standardized protocol.","1995 componentry; the reflected-inertia argument was written for geared electric drives in a lab arm, not for a structure supporting a person's body weight; bandwidth loss claims predate modern disturbance-observer control which partly recovers it (see Paine below). ---"
A2,"UT-SEA, the design-tradeoff numbers — Paine, Oh & Sentis, 2014","N. Paine, S. Oh, L. Sentis, ""Design and Control Considerations for High-Performance Series Elastic Actuators,"" *IEEE/ASME Transactions on Mechatronics*, vol. 19, no. 3, pp. 1080–1091, June 2014. Companion with the same hardware: N. Paine, L. Sentis, ""A new prismatic series elastic actuator with compact size and high performance,"" *Proc. IEEE Int. Conf. on Robotics and Biomimetics (ROBIO)*, 2012, pp. 1759--1766, DOI 10.1109/ROBIO.2012.6491222 (Crossref-verified).","10.1109/TMECH.2013.2270435 — verified via Crossref (Paine, Nicholas; Oh, Sehoon; Sentis, Luis; vol 19, iss 3, pp 1080–1091) and OpenAlex. Numbers below were extracted by me from the companion full text at https://sites.utexas.edu/hcrl/files/2016/01/prismatic-sea-paine.pdf.","partial — journal version paywalled, companion preprint and the dissertation are free.","A compact ball-screw SEA pushed to the performance limit of electric SEA, with a full spring-selection rationale (soft springs store more energy for a given force; stiffness chosen to maximise energy storage within a deflection budget) and force/position controllers combining PID, model-based and disturbance-observer structures.","mass **1013 g** (2.23 lb); continuous force **848 N**; intermittent force **2800 N**; spring rate 138 N/mm per spring, **278 N/mm** effective (two precompressed springs); stroke 6 cm; max speed 32.5 cm/s; force resolution 0.31 N; **94 W/kg** measured power-to-weight and **77% mechanical efficiency** — against 64 W/kg cited for the prior SEA benchmark.","This is the sizing reality check. A ~1 kg actuator delivering 848 N continuous is the realistic performance envelope for a good electric SEA today. If the torso needs N joints at that class, the mass budget follows directly, and it is not small. Also the reference for how spring rate is actually chosen — it is an energy-storage and deflection-resolution decision, not a ""feels compliant"" decision.","B — hardware, bench-validated at the limits of its capability, no humans.","Designed for legged locomotion (high force, fixed range of motion, passively cooled, short duty cycles). An assistive torso holds load **continuously**, which is a thermal problem this actuator was not characterised for. Prismatic, so it needs a linkage to make a joint, and the linkage moment arm is angle-dependent. ---"
A2,"The price of force bandwidth — Paine, 2014 (dissertation, Valkyrie SEA data)","N. A. Paine, ""High-Performance Series Elastic Actuation,"" Ph.D. dissertation, The University of Texas at Austin, 2014.",https://sites.utexas.edu/hcrl/wp-content/uploads/sites/3888/2016/01/nick-paine-thesis-dissertation-2014.pdf — verified by fetching and text-extracting the full PDF myself.,yes.,"Measured, on NASA Valkyrie's SEA joints, exactly what it costs to claw back the bandwidth that series elasticity gives away.","Valkyrie elbow SEA **passive torque bandwidth 13 Hz**, extended to **70 Hz** closed-loop with PD feedback (factor 5.3). Torque tracking error ~**1.0 Nm on a 10 Nm reference**, with and without injected disturbances. Critically: raising closed-loop torque bandwidth from **30 Hz to 82 Hz raised average power consumption at the passive bandwidth frequency from 27 W to 97 W — a factor of 3.6 (+260%)**, with the corresponding motor heating. Passive system cutoff quoted as 11 Hz for the knee case.","Settles the ""just turn the gains up"" argument before someone makes it. Every Hz of force-control bandwidth recovered above the spring's passive cutoff is paid for in current, heat and battery. For a torso that must hold a leaning adult for minutes at a time, thermal headroom is the binding constraint, so the spring should be chosen so the **passive** cutoff is already close to what the task needs — not soft-and-then-compensated.","B — hardware (Valkyrie), measured, no humans.","Humanoid limb joints under locomotion-style loading, not sustained static support. Dissertation, so peer review is the committee rather than a journal; the same lab's T-Mech and ICRA papers are the citable form for the design content. ---"
A2,"Distributed macro-mini (DM²) — Zinn, Roth, Khatib & Salisbury, 2004","M. Zinn, B. Roth, O. Khatib, J. K. Salisbury, ""A New Actuation Approach for Human Friendly Robot Design,"" *The International Journal of Robotics Research*, vol. 23, no. 4–5, pp. 379–398, April–May 2004.",10.1177/0278364904042193 — verified via Crossref; numbers below extracted by me from the full PDF at https://cs.stanford.edu/group/manips/publications/pdfs/Zinn_2004_IJRR.pdf.,yes (author copy at Stanford).,Splits joint torque into a low-frequency component from a large base-mounted actuator (through a cable/SEA transmission) and a high-frequency component from a small low-inertia joint motor in parallel. The point is to strip reflected inertia out of the arm entirely rather than to hide it behind a spring.,"PUMA 560 at 1 m/s impact produces **HIC > 500**. To get that down to HIC ≤ 100 with padding alone would need **more than five inches of compliant cover**. The two-axis DM² prototype reduced **effective joint inertia by almost a factor of 10** and impact loading **by an order of magnitude**. Closed-loop position bandwidth **5 Hz with DM² vs 2 Hz with the base SEA alone**, with position tracking error cut by more than 10×. SEA output impedance reduction by control quoted at **10× to 100×**. Pneumatics noted as limited to <20 Hz control bandwidth; conventional gear reduction more than doubles effective inertia.","Directly relevant to a **freestanding torso**, and probably underrated by the team. A torso has something an arm does not: a big, grounded, non-moving base you can bolt heavy actuators to. Moving actuator mass off the arms and into the torso — via cable or Bowden transmission — reduces the arms' reflected inertia, which is the one quantity that genuinely reduces impact severity. The five-inch-of-foam number is also the honest answer to ""can't we just pad it?""","B for the prototype and bandwidth results (two-axis hardware testbed); **C for the impact-reduction claim**, which is computed from effective-inertia ellipsoids and a 2-DOF mass-spring HIC model, not measured against dummies. Do not present the order-of-magnitude figure as a measurement.","Impact severity is modelled, not measured; a 2-DOF planar testbed is a long way from a two-armed torso; and the HIC framing is exactly the metric Haddadin 2007/2010 shows is the wrong one at these speeds. Cable/Bowden routing adds friction and hysteresis (see Veneman). ---"
A2,"Safety-performance co-design — Bicchi & Tonietti, 2004","A. Bicchi, G. Tonietti, ""Fast and 'Soft-Arm' Tactics: Dealing with the Safety-Performance Tradeoff in Robot Arms Design and Control,"" *IEEE Robotics & Automation Magazine*, vol. 11, no. 2, pp. 22–33, June 2004. Companion with the worked numbers: A. Bicchi, G. Tonietti, M. Bavaro, M. Piccigallo, ""Variable Stiffness Actuators for Fast and Safe Motion Control,"" *Robotics Research: The Eleventh Int. Symp. (ISRR)*, Springer STAR, 2005, pp. 527–536.","10.1109/MRA.2004.1310939 (Crossref-verified: Bicchi, A.; Tonietti, G.; vol 11, iss 2, pp 22–33; abstract retrieved via OpenAlex). Companion 10.1007/11008941_56, Crossref-verified; numbers below extracted by me from the full PDF at https://www.centropiaggio.unipi.it/sites/default/files/anthropic-ISRR03.pdf.","partial — magazine article paywalled, ISRR companion free.","Formalises the tradeoff as minimum-time optimal control subject to an injury-risk constraint, and shows that a variable-stiffness transmission dominates both the fixed-stiff and fixed-soft options because it can be stiff when slow and soft when fast.","worked example with rotor inertia **M_rot = 1.2 kg**, link **M_link = 0.1 kg**, soft rubber cover **K_cov = 5 kN/m**, operator head **M_oper = 4 kg**: accepting **HIC = 100** implies a velocity ceiling of **v_safe ≈ 2 m/s** for the rigid-joint case. A second study sweeps transmission stiffness at a 10 m/s pre-impact link velocity and shows HIC tending to the rigid-link value as K→∞ and to the link-inertia-only value as K→0, with an **optimum intermediate transmission stiffness** for minimum-time performance under the safety constraint.","This is the argument for VSA over fixed SEA, and also the argument against reflexively choosing ""as soft as possible."" There is an optimum, and softer than optimum makes the arm slow and floppy without buying more safety. If the team is choosing a spring rate, this is the framing to use.","C — analysis, optimal control and simulation; the hardware realisation is the separate VSA-II paper (Tonietti, Schiavi & Bicchi, ICRA 2005, DOI 10.1109/ROBOT.2005.1570172, Crossref-verified, one-link arm).","Single-DOF rest-to-rest motion, HIC as the objective, and a free-flight impact model. All three assumptions are wrong for a torso under a leaning person: the hazard is constrained and quasi-static, HIC does not apply, and the motion is not a fast point-to-point slew. ---"
A2,"SEA in a rehab exoskeleton, with measured bandwidth — Veneman et al., 2006","J. F. Veneman, R. Ekkelenkamp, R. Kruidhof, F. C. T. van der Helm, H. van der Kooij, ""A Series Elastic- and Bowden-Cable-Based Actuation System for Use as Torque Actuator in Exoskeleton-Type Robots,"" *The International Journal of Robotics Research*, vol. 25, no. 3, pp. 261–281, March 2006.","10.1177/0278364906063829 — verified via Crossref (full author list, vol/iss/pages) and OpenAlex (full abstract retrieved, 436 citations). Sage full text returned 403 to me.",no.,"The actuator behind LOPES. Motor sits off-board, torque goes to the joint through a flexible Bowden cable, and a series elastic element closes the force loop. Explicitly engineered so that the limb-worn structure stays light while the actuator still behaves as a decent torque source.","**11 Hz** force-tracking bandwidth over the full force range (requirement was 4 Hz); **20 Hz** over a smaller force range (requirement 12 Hz). Residual output impedance: peaks of about **0.7 Nm under 4 Hz imposed motion, < 2.5% of maximum force output**, attributed to stick friction in the Bowden cables. Spring-stiffness sweep showed **both too stiff and too compliant degrade performance** — a stiff spring lowers the maximum stable controller gain.","The closest architectural analogue to what this project probably wants. It is DM²'s ""put the mass at the base"" idea, executed in a rehabilitation device with people in it, and with the transmission penalty honestly quantified (stick friction shows up as parasitic output impedance, which is exactly what a patient feels when leaning). The both-ends-are-bad spring result independently confirms Bicchi's optimum.","B — hardware, bench-characterised. (The LOPES system built on it was later used with patients, but that is downstream work, not this paper.)","Gait/lower limb, cyclic motion, not sustained static support; Bowden routing friction scales with path curvature and will be worse in a torso with two articulated arms; no injury or contact-force testing at all. ---"
A2,"SEA for human assistance, tested on a person — Kong, Bae & Tomizuka, 2012","K. Kong, J. Bae, M. Tomizuka, ""A Compact Rotary Series Elastic Actuator for Human Assistive Systems,"" *IEEE/ASME Transactions on Mechatronics*, vol. 17, no. 2, pp. 288–297, April 2012.","10.1109/TMECH.2010.2100046 — verified via Crossref (Kong, Kyoungchul; Bae, Joonbum; Tomizuka, Masayoshi; vol 17, iss 2, pp 288–297) and OpenAlex (abstract retrieved, 325 citations).",no.,"A rotary SEA sized specifically for human assistive devices, using a worm gear to get torque density in a small package, with a robust controller that explicitly models the worm gear friction (the actual amplification ratio departs from the nominal reduction ratio because of it). Includes experiments with a human subject.","none verified. I retrieved the abstract only; the torque, impedance and mass figures are in the body and I did not read them. The abstract states the requirements it targets — precise large torque, backdrivability, low output impedance, compactness — without numbers.","Two things. First, it is one of the few SEA papers whose validation includes a human in the loop, which is the grade of evidence this project's safety argument needs. Second, the worm-gear finding is a direct warning: a non-backdrivable or friction-dominated reduction destroys the force-control fidelity that was the whole reason to fit a spring. If the team reaches for a worm or high-ratio harmonic drive to hit the torque target, the compliance argument degrades with it.",A — hardware validated including experiments with a human subject (not a standardized injury protocol).,"Single joint, knee/limb assistance geometry; worm gearing is a poor fit for a torso joint that must yield when a person pushes it; no impact or clamping characterisation. ---"
A2,"Interaction control for compliant rehab robots — Yu, Huang, Chen, Pan & Guo, 2015","H. Yu, S. Huang, G. Chen, Y. Pan, Z. Guo, ""Human–Robot Interaction Control of Rehabilitation Robots With Series Elastic Actuators,"" *IEEE Transactions on Robotics*, vol. 31, no. 5, pp. 1089–1100, October 2015.","10.1109/TRO.2015.2457314 — verified via Crossref (full author list, vol/iss/pages) and OpenAlex (abstract retrieved, 360 citations).",no.,"Control design for an SEA-driven rehabilitation robot that must switch between a **human-in-charge mode** (robot must present near-zero output impedance and get out of the way) and a **force-control mode** (robot must track a commanded assistive force). Includes human-interaction compensation, friction compensation, a disturbance observer, and a stability proof for the closed loop under physical interaction. Verified in walking experiments with an ankle robot.",none verified — abstract only; the impedance and force-tracking figures are in the body.,"This is the control architecture the project actually needs, and it names the failure mode the team has probably not thought about: **physical interaction changes the controlled variables and can destabilise the system**. A person leaning on a torso is a large, unmodelled, time-varying impedance in the loop. A compliant actuator does not make that stable; a controller with a stability proof under interaction does. Also the right reference for the dual-mode requirement (transparent when the user leads, forceful when assisting).","A — hardware, walking experiments with human subjects.","Ankle, single DOF, gait. The stability proof is for that plant; a two-arm torso is multi-DOF with contact at arbitrary points, and the authors' claim that results extend ""without much difficulty"" is an assertion, not a demonstration. ---"
A2,"VSA design guide — Wolf et al., 2016","S. Wolf, G. Grioli, O. Eiberger, W. Friedl, M. Grebenstein, H. Höppner, E. Burdet, D. G. Caldwell, R. Carloni, M. G. Catalano, D. Lefeber, S. Stramigioli, N. Tsagarakis, M. Van Damme, R. Van Ham, B. Vanderborght, L. C. Visser, A. Bicchi, A. Albu-Schäffer, ""Variable Stiffness Actuators: Review on Design and Components,"" *IEEE/ASME Transactions on Mechatronics*, vol. 21, no. 5, pp. 2418–2430, October 2016.","10.1109/TMECH.2015.2501019 — verified via Crossref (full 19-author list, vol/iss/pages) and by fetching and text-extracting the accepted manuscript PDF at https://arpi.unipi.it/retrieve/handle/11568/842829/738859/VIA_review.pdf.",yes (accepted manuscript in the Pisa and Twente repositories).,"A design-process guide rather than a catalogue: how the task determines the required attributes, and how those attributes drive motor, sensor and spring selection. Its most useful content is the explicit statement of the design contradiction — **size, weight and cost pull against output power, potential energy capacity, stiffness range, efficiency and accuracy** — so any VSA is a point on that surface and cannot be good at everything.","**none reported** in a form I could extract. I read the full accepted manuscript; the treatment is analytical and qualitative (stiffness defined as k(φ,σ) = dτ/dφ, energy-capacity curves parameterised by stiffness setting) with no comparison table of device specifications. Anyone wanting per-device numbers should go to Grioli 2015 below.","The right document to hand a student team before they design a joint, because it prevents the standard mistake of specifying a stiffness range without noticing what it costs in mass and efficiency. Useful for justifying *why* the project did not build a VSA, if that is the conclusion.",D — review.,"Written by and for the VSA community, so it assumes a VSA is the answer. Nothing about sustained static load holding, nothing about safety validation, nothing about cost at student-project scale. ---"
A2,"VIA taxonomy — Vanderborght et al., 2013 (VIACTORS)","B. Vanderborght, A. Albu-Schaeffer, A. Bicchi, E. Burdet, D. G. Caldwell, R. Carloni, M. Catalano, O. Eiberger, W. Friedl, G. Ganesh, M. Garabini, M. Grebenstein, G. Grioli, S. Haddadin, H. Hoppner, A. Jafari, M. Laffranchi, D. Lefeber, F. Petit, S. Stramigioli, N. Tsagarakis, M. Van Damme, R. Van Ham, L. C. Visser, S. Wolf, ""Variable impedance actuators: A review,"" *Robotics and Autonomous Systems*, vol. 61, no. 12, pp. 1601–1614, December 2013.","10.1016/j.robot.2013.06.009 — verified via Crossref (full 25-author list, vol/iss/pages) and by fetching and text-extracting the accepted manuscript at https://www.centropiaggio.unipi.it/sites/default/files/2013_VABBCCCEFGGGGHHJLLPSTVVVW_RAS.pdf.",yes (accepted manuscript).,"The reference taxonomy and the principal published output of the EU VIACTORS project. Classifies by *how* variable stiffness and damping are obtained: active impedance by control, inherent compliance/damping, inertial actuators, and combinations.","**none reported** that I could extract from the accepted manuscript. It is a classification paper. (The most-cited work in this set — >1000 citations — and still it gives the design team no numbers, which is itself worth knowing.)","Use it to place whatever the team builds on a recognised map, and to make the one decision it actually forces: **active impedance by control vs inherent physical compliance**. Active impedance is far cheaper in mass and parts but fails safe-open — power loss, sensor fault or a controller hang leaves a rigid arm. For a device a frail person leans on, that distinction is the whole argument.",D — review.,"No performance data, no safety data, no cost data. A taxonomy, not a selection tool. ---"
A2,"VSA datasheets and benchmarking — Grioli et al., 2015","G. Grioli, S. Wolf, M. Garabini, M. Catalano, E. Burdet, D. Caldwell, R. Carloni, W. Friedl, M. Grebenstein, M. Laffranchi, D. Lefeber, S. Stramigioli, N. Tsagarakis, M. van Damme, B. Vanderborght, A. Albu-Schaeffer, A. Bicchi, ""Variable stiffness actuators: The user's point of view,"" *The International Journal of Robotics Research*, vol. 34, no. 6, pp. 727–743, 2015.","10.1177/0278364914566515 — verified via Crossref (full 17-author list, vol/iss/pages) and OpenAlex (abstract retrieved, listed OA at the Twente repository).",partial (Twente repository record listed as best OA location; the file itself did not resolve for me).,"The VIACTORS consortium's attempt to fix the problem that VSA data is scattered and non-comparable. Proposes a standard **VSA datasheet** — the parameter set an engineer needs to select a VSA the way they would select a conventional electric actuator, extending the usual motor parameters with quantities describing stiffness-change capability.","none verified. The paper defines *which* quantities should be reported (stiffness range, stiffness-change time, energy capacity, and so on); I could not retrieve the populated tables, so I will not quote device figures.","This is the specification checklist for the fallback decision. If the team goes VSA, this is the list of quantities that must appear in the design report — and if a candidate off-the-shelf unit cannot supply them, that is a reason to reject it. Also the honest answer to ""which VSA should we buy"": the literature is not organised well enough to answer that, and this paper says so.",D — methodology/standardisation proposal.,Proposes a convention; it did not become one. No device in this project's price range is likely to publish a compliant datasheet. ---
A2,"Low-cost modular VSA — Catalano et al., 2011 (VSA-Cube / VSA-CubeBot)","M. G. Catalano, G. Grioli, M. Garabini, F. Bonomo, M. Mancini, N. Tsagarakis, A. Bicchi, ""VSA-CubeBot: A modular variable stiffness platform for multiple degrees of freedom robots,"" *Proc. IEEE Int. Conf. on Robotics and Automation (ICRA)*, Shanghai, 2011, pp. 5090–5095.","10.1109/ICRA.2011.5980457 — verified via Crossref (full author list, pp. 5090–5095) and OpenAlex (abstract retrieved, 149 citations).",partial (an OA record is listed at openaccessrepository.it; it returned 404 when I fetched it).,"The only VSA in this set designed with **low cost as the primary goal**, built from hobby servos into a modular unit, with single-actuator characterisation (theoretical and experimental) and five units chained into an arm.","none verified — abstract only. The per-unit torque and stiffness-range figures are in the body and I did not read them. Expect hobby-servo class torque, i.e. roughly two orders of magnitude below what an assistive torso needs.","The realistic *prototyping* path, not the product path. If the team wants to test a variable-stiffness control strategy and a safety protocol on a bench rig this semester, this is the architecture that fits a student budget. It is not a candidate for the torque target.","B — hardware, characterised, no humans.","Torque class is nowhere near a person leaning on a torso; hobby-servo internals mean poor repeatability, backlash and no meaningful duty rating; 2011 componentry. ---"
A2,"Torque-controlled rigid arm as the baseline — Albu-Schäffer et al., 2007 (DLR LWR → KUKA iiwa)","A. Albu-Schäffer, S. Haddadin, Ch. Ott, A. Stemmer, T. Wimböck, G. Hirzinger, ""The DLR lightweight robot: design and control concepts for robots in human environments,"" *Industrial Robot: An International Journal*, vol. 34, no. 5, pp. 376–385, 2007.","10.1108/01439910710774386 — verified via Crossref (full author list, vol/iss/pages) and OpenAlex (abstract retrieved, 622 citations; OA record at TUM mediaTUM 1438494).",partial.,"The mechatronic design that became the KUKA LBR iiwa: **joint torque sensing in every joint**, load-to-weight ratio 1:1, active vibration damping, sensitive collision detection, and compliant (impedance) control at joint and Cartesian level, made robust by passivity-based control and sensor redundancy.","**load-to-weight ratio 1:1** is the only figure in the verified abstract. Other specifications are in the body, which I did not read.","The honest alternative the team must argue against. This machine is not intrinsically compliant — it is stiff hardware with torque sensors and impedance control — and it is the arm that actually got certified, sold, and deployed next to people. It is also the arm used in the crash tests above. Two consequences: (1) **torque sensing plus impedance control, without any spring, is a commercially validated route to safe pHRI**, and it is lighter and stiffer than SEA; (2) it fails unsafe on power loss, which is the specific gap a spring closes. That is the real trade, and the design report should state it in those terms.","B — hardware, extensively deployed; safety validation is in the separate crash-test papers above.","An industrial serial arm, not a torso; the safety case depends on continuously powered, correctly functioning sensing and control; joint torque sensors at this quality are expensive and outside a student BOM. --- All Crossref-verified; not expanded above because they duplicate or narrow the entries already given. Full BibTeX for each is in `A2.bib`. - **Haddadin, Albu-Schäffer & Hirzinger, ""Requirements for Safe Robots: Measurements, Analysis and New Insights,"" IJRR 28(11–12):1507–1527, 2009** — DOI 10.1177/0278364909343970 (Crossref + OpenAlex abstract verified; OA at TUM mediaTUM 1438496). The journal extension of the RSS 2007 crash-test paper, adding the **quasi-static constrained impact** analysis — ""a serious threat to the human even for low-inertia robots."" If the team cites one Haddadin paper in the report, this is arguably the one, because the constrained case is this project's case. I verified the record and abstract but not the full text, so I quote no numbers from it here. Grade A. - **Van Ham, Sugar, Vanderborght, Hollander & Lefeber, ""Compliant actuator designs,"" IEEE Robotics & Automation Magazine 16(3):81–94, 2009** — DOI 10.1109/MRA.2009.933629 (Crossref + OpenAlex abstract verified). The earlier and more readable compliant-actuator review; gives the four-way split (equilibrium-controlled, antagonistic-controlled, structure-controlled, mechanically-controlled stiffness) that the later reviews assume. Grade D. - **Wolf, Eiberger & Hirzinger, ""The DLR FSJ: Energy based design of a variable stiffness joint,"" ICRA 2011, pp. 5082–5089** — DOI 10.1109/ICRA.2011.5980303 (Crossref + OpenAlex abstract verified). Energy-first VSA design for the DLR Hand Arm System arm axes; abstract explicitly reports ""a demonstration of robustness... by the investigation of a blunt impact to the tip of the arm,"" but the numbers are behind IEEE. Grade B."
A3,"McKibben design review — Kortman, Jovanova, Nabae, Endo, Suzumori & Sakes, 2026","V. G. Kortman, J. Jovanova, H. Nabae, G. Endo, K. Suzumori, A. Sakes, ""Designing McKibben muscles: a critical review for practical implementation,"" *Bioinspiration & Biomimetics*, vol. 21, no. 3, art. 031002, 2026.",https://doi.org/10.1088/1748-3190/ae66c0 — **fetched:** Crossref record + IOPscience article page (full text readable).,yes (CC BY).,"Systematic review of 146 Scopus-indexed McKibben papers, organised as a *design* reference: bladder/sleeve choices, bundling topologies (serial, parallel, braided, convergent, pennate), and the performance envelope you actually get.","axial strain 20–35% typical, 30–35% for best designs; braided configurations reach contraction ratio 0.34–0.41; smallest unit cited 1.5 mm dia. at 15% strain and 350 mm/s; largest hydraulic unit 40 mm dia. at up to 28 kN. **Typical driving frequency in the literature clusters around 0.3 Hz; above ~1 Hz the muscle cannot fully inflate/deflate.** Bandwidth improvable by up to 400% by cutting internal dead volume. Tension intensity 88–144 N/cm² (biological muscle 35 N/cm²); energy efficiency 0.32–0.49 (muscle 0.2–0.25); work density 0.13–0.20 J/cm³; peak power density 2.65 W/cm³ (muscle 0.70 W/cm³); one optimised inelastic-bladder design ~80% efficiency. Hysteresis grows with driving frequency from bladder viscoelasticity. Latex bladder fatigue life ~24× silicone at large strain; leakage is the common failure mode. Review states no comprehensive untethered-supply solution is established.","This is the single most useful document for A3. It sets the honest bandwidth ceiling (~0.3–1 Hz for a normal build), gives the force-density argument *for* PAMs, and names the failure mode (leaks) and the unsolved problem (untethered supply). Use its strain/pressure envelope directly in the actuator trade table.","D (review), but the highest-quality D available.","A review of unit actuators, not of loaded joints. Nothing here tells you what happens when a 70 kg person leans on the arm and the muscle is back-driven; the quoted efficiency numbers are actuator-level, not system-level including compressor. ---"
A3,"Foundational McKibben model — Chou & Hannaford, 1996","C.-P. Chou and B. Hannaford, ""Measurement and modeling of McKibben pneumatic artificial muscles,"" *IEEE Transactions on Robotics and Automation*, vol. 12, no. 1, pp. 90–102, 1996.","https://doi.org/10.1109/70.481753 — **fetched:** Crossref record (title, authors, venue, vol/iss/pages, year all confirmed) and the Semantic Scholar record (1554 citations).","no. (A DTIC technical-report version exists at apps.dtic.mil/sti/tr/pdf/ADA299458.pdf but returned HTTP 403 to my fetch — I could not read it, so I am not quoting numbers from it.)","The static geometric force model F = f(P, contraction) for braided-sleeve muscles plus static and dynamic length–tension measurement, and the explicit comparison against human skeletal muscle.","**Not verified first-hand** — the paywall and the DTIC 403 blocked me. The numbers routinely attributed to this paper (max contraction stress ~0.3 MPa, contraction ratio 25–30%) appear in secondary sources I did not treat as authoritative. The *verified* equivalent figures are the tension-intensity/efficiency/work-density ranges in Kortman et al. 2026 above, which cite this model. Note the paper's well-known qualitative result: PAM force does **not** fall with shortening velocity the way muscle force does.",It is the equation you will actually sizing-calculate with. Cite it for the model; cite Kortman for the numbers.,"B (hardware characterisation, no humans).","Ideal-cylinder assumption, ignores bladder wall thickness and friction — i.e. it deliberately omits the hysteresis that will dominate your control problem. 1996 materials. ---"
A3,"X-PAM — Feng, Yang, Ren, Wei & Gu, 2023","M. Feng, D. Yang, L. Ren, G. Wei, G. Gu, ""X-crossing pneumatic artificial muscles,"" *Science Advances*, vol. 9, no. 38, 2023.",https://doi.org/10.1126/sciadv.adi7133 — **fetched:** Crossref record + Semantic Scholar abstract (science.org itself 403'd).,yes (Science Advances is OA).,"A non-braided positive-pressure muscle using an X-crossing linkage that breaks the PAM trade-off between contraction ratio, force, and speed.","contraction ratio 92.9%; output force 207.9 N·kg⁻¹·kPa⁻¹; strain rate 1603.0 %/s; specific power 5.7 kW/kg; work density 842.9 kJ/m³. Demonstrated on a robotic elbow, a jumping robot and a gripper. Explicitly framed as overcoming ""the slow actuation of conventional PAMs.""","Two uses. (1) If the team wants a fluidic arm that is actually fast, the braided McKibben is not the state of the art. (2) More usefully as a rhetorical baseline in the design review: a *Science Advances* paper exists whose entire premise is that conventional PAMs are too slow. That is the argument against McKibben, from the pro-fluidic camp.",B.,"Bench actuators and small demos, not a loaded human-scale arm. The X-crossing mechanism has rigid linkages — it is less intrinsically safe on contact than a soft braided muscle, which cuts against this project's whole premise. No fatigue/durability data at the scale a torso needs. ---"
A3,"Pneumatic upper-limb rehab review — Zhao, Zhang, Cai & Wei, 2026","Y. Zhao, Y.-M. Zhang, M.-L. Cai, F. Wei, ""Advances in Pneumatic Upper-Limb Rehabilitation Robots: A Critical Review of Structural Design, Human–Robot Interaction, and Clinical Translation,"" *Robotics*, vol. 15, no. 8, art. 159, 2026.","https://doi.org/10.3390/robotics15080159 — **fetched:** Crossref record + Semantic Scholar abstract (mdpi.com 403'd my fetch, but the DOI and full abstract are confirmed and it is CC BY).",yes (CC BY).,"Current-decade survey of pneumatically actuated upper-limb rehab robots, comparing rigid exoskeletons vs. soft wearables vs. rigid–soft hybrids on output capability, motion accuracy, comfort and clinical applicability.","none extractable without the full text (MDPI blocked). The verified abstract-level findings are qualitative but load-bearing: clinical translation ""remains hindered by challenges including actuator hysteresis, nonlinear dynamics, limited accuracy in intention recognition, and inconsistent clinical evaluation metrics""; existing trials are ""constrained by small sample sizes, short interventions, and heterogeneous protocols""; the field's conclusion is that **rigid–soft hybrid** architectures are the developmental trend, because rigid gives precision and soft gives safety.","Direct support for a hybrid architecture rather than a purist ""all soft"" torso — rigid skeleton, compliant actuation. Also the citation to use when a reviewer asks ""why isn't everyone doing PAMs already?""",D.,"2026 review of a field where the underlying trials are weak; it inherits their weakness. Wearable exoskeletons, not freestanding torsos — the load path is completely different (their reaction force goes into the user's own body; yours goes into a base). ---"
A3,"PASE soft elbow exosuit, 19 subjects — Sridhar, Erel, Nasirian, Wijesundara & Rahman, 2025","E. P. Sridhar, V. Erel, A. Nasirian, M. B. J. Wijesundara, M. Rahman, ""Design, development, and evaluation of a pneumatically actuated soft wearable robotic elbow exoskeleton for reducing muscle activity and perceived workload,"" *Journal of Rehabilitation and Assistive Technologies Engineering*, vol. 12, art. 20556683251347517, 2025.",https://doi.org/10.1177/20556683251347517 — **fetched:** PubMed esummary (PMID 40463354) and PMC full text (PMC12130663).,yes (PMC).,A fabric/silicone pneumatic elbow exosuit measured on humans for EMG reduction and subjective workload across three realistic tasks.,"n = 19 (14 M, 5 F, 18–45). Operating pressure 18 psi (124 kPa) nominal, tested 15–25 psi, max 21 psi (145 kPa). **Max torque 4.39 N·m at 21 psi, 30° elbow angle**; at 18 psi: 3.15 N·m (30°), 1.90 N·m (60°), 1.45 N·m (90°). EMG reduction: biceps 22.4% / triceps 18.2% (static hold), down to 10.2% / 5.2% on the power-tool task; variable-weight test biceps 24.2%. NASA-TLX reduced by 8.9–9.6 points. Device mass 638 g. **Inflation was manual during trials** — no compressor in the loop.","This is the most honest ""what does a soft pneumatic joint actually deliver to a human"" datapoint in the set. Note the torque: **~1.5–4.4 N·m at the elbow, and it falls by ~55% as the joint extends from 30° to 90°.** If your spec needs to support a leaning adult, a single fluidic actuator of this class is roughly an order of magnitude short, and its torque is strongly configuration-dependent. Also note the authors dodged the supply problem entirely by hand-pumping.","A (hardware + 19 human subjects, standardised NASA-TLX + EMG).","Wearable, so the suit borrows the human skeleton as its structure; a freestanding torso has no such luxury. Healthy young adults, not elderly or impaired. Torque falls off steeply with angle — a leaning patient will load the arm at exactly the extended angles where it is weakest. And the manual inflation means this paper contains *no* evidence about continuous pneumatic supply. ---"
A3,"PAM assist suits in real nursing facilities — Kato et al., 2021","K. Kato, T. Yoshimi, S. Tsuchimoto, N. Mizuguchi, K. Aimoto, N. Itoh, I. Kondo, ""Identification of care tasks for the use of wearable transfer support robots – an observational study at nursing facilities using robots on a daily basis,"" *BMC Health Services Research*, vol. 21, art. 665, 2021.","https://doi.org/10.1186/s12913-021-06639-2 — **fetched:** Semantic Scholar record (abstract, PMC8256590, PMID 34225718).","yes (BMC, PMC8256590).",Time-motion observation of caregivers at two Japanese nursing facilities that have used PAM-driven Muscle Suit (INNOPHYS) and HAL Lumbar for >24 months as routine equipment.,"two facilities; 1-minute observational time-motion sampling; robots used for direct care in **>70% of transits**, concentrated in transfer assistance and toileting; heaviest use in the morning wake-up block. UMIN000039204. No force/pressure/bandwidth numbers — it is a services-research paper.","The only evidence I found that PAM actuation has *survived contact with an actual care setting over years*. Critically, the Muscle Suit is compressor-free in service (hand pump / gas cartridge). That is the deployment pattern that worked. It is an argument that PAMs are acceptable in elder care **when the air supply is not a running compressor**.","A (real-world deployment with human data), but soft outcomes.","Observational, no control condition, no injury or force data, two sites. It tells you about a worn lumbar assist device, not a freestanding robot that contacts a frail patient. Transfers nothing about actuator dynamics. ---"
A3,"EMG-controlled pneumatic rubber muscle assist suit — Ogawa, Ono, Fukuda, Tsuneyasu & Kurita, 2018","K. Ogawa, A. Ono, Y. Fukuda, K. Tsuneyasu, Y. Kurita, ""Development of a Lightweight Flexible Construction Work Assist Suit Using Pneumatic Rubber Artificial Muscles,"" in *Proc. 40th Annual International Conference of the IEEE Engineering in Medicine and Biology Society (EMBC)*, 2018.","https://doi.org/10.1109/EMBC.2018.8513402 — **fetched:** Semantic Scholar record (abstract, PMID 30441325).",no.,A lumbar assist suit with lightweight pneumatic rubber muscles whose assist force is PWM-modulated from spinal-erector EMG and an estimated hip torque; experimentally reduced measured muscle activity during bend/stretch. Also proposes a temple-mounted EMG for intent detection.,"none reported in the verified abstract (force, pressure, mass, participant count all absent from what I could read; full text paywalled).","Relevant for the *intent-detection + PAM* control pattern (D1 overlap): if the robot must decide when to assist a patient who is leaning, EMG-triggered PWM on the muscle is a demonstrated, simple approach that does not require solving the PAM inverse model.",A (human EMG measurement) — but downgrade in practice because I could not verify sample size.,"Conference paper, unverified n, worn device. EMG on a frail elderly user is far noisier and less ethically simple than on a construction worker. ---"
A3,"RUPERT + FES with iterative learning control — Tu et al., 2017","X. Tu, H. Han, J. Huang, J. Li, C. Su, X. Jiang, J. He, ""Upper Limb Rehabilitation Robot Powered by PAMs Cooperates with FES Arrays to Realize Reach-to-Grasp Trainings,"" *Journal of Healthcare Engineering*, vol. 2017, art. 1282934, pp. 1–15, 2017.",https://doi.org/10.1155/2017/1282934 — **fetched:** Crossref record and Europe PMC full-text XML (PMC5494786).,"yes (CC BY, PMC5494786).","RUPERT — a lightweight portable exoskeleton whose joints are **unidirectionally** actuated by PAMs — paired with FES arrays to get the missing return direction, controlled by iterative learning control because neither the PAM nor the stimulated muscle is tractable with a fixed model.","3 healthy subjects (ages 32, 34, 29), ethics-approved. Target angles [60°, 45°], 10 s task, RMS tracking error < 2°. The PAM model used is an explicitly **asymmetric three-element model with separate inflation and deflation damping coefficients (B₀ⁱ/B₁ⁱ vs B₀ᵈ/B₁ᵈ)** — i.e. the hysteresis is baked into the plant model as two different systems. EMG leads muscle force by 20–30 ms (their justification for bioelectric intent sensing). No force, pressure or mass figures given.","Two hard lessons. (1) A real PAM arm went **unidirectional** and needed an entirely separate actuation modality (FES) to get the other direction — antagonistic pairs are not free. (2) The team resorted to iterative learning control, which works only for repeated trajectories. A robot a patient leans on unpredictably cannot use ILC. That is a direct warning about PAM controllability under unscripted contact.","A (human subjects) — but n = 3, healthy, no patients. Treat as A-with-an-asterisk.","n = 3 healthy adults, scripted trajectories, treadmill/bench context. Nothing about contact forces or disturbance rejection. Being honest: this is weak evidence dressed as a clinical paper. ---"
A3,"Thin McKibben muscle and multifilament bundles — Kurumaya, Nabae, Endo & Suzumori, 2017","S. Kurumaya, H. Nabae, G. Endo, K. Suzumori, ""Design of thin McKibben muscle and multifilament structure,"" *Sensors and Actuators A: Physical*, vol. 261, pp. 66–74, 2017.",https://doi.org/10.1016/j.sna.2017.04.047 — **fetched:** Crossref record (title/authors/venue/vol/pages/year confirmed) + Semantic Scholar record (136 citations).,no (ScienceDirect 403'd).,"Sub-2 mm-diameter McKibben muscles that are flexible enough to be woven, and the demonstration that bundling them into ""multifilament"" muscles gives force that **scales linearly with filament count** while keeping the bundle routable like a tendon.","filament diameter ~1.8 mm (2–3 mm variants), durable to 0.5 MPa; a 60-filament demonstration bundle behaved as a linear actuator; output force proportional to filament count. Companion OA paper (Kurumaya, Suzumori, Nabae & Wakimoto, *ROBOMECH Journal* 3:25, 2016, DOI 10.1186/s40648-016-0061-3, Crossref-verified) applies the bundles to a musculoskeletal lower-limb robot — but Springer blocked my full-text fetch so I have no numbers from it.","The most practical route to a *human-scale* PAM arm on a student budget. You size force by adding filaments rather than by making one fat muscle, and the bundle can be routed around a compliant torso structure the way a tendon is. Also directly informs B1: thin muscles can be embedded in fabric/structure rather than bolted on.",B.,"Force scales linearly with filaments; so does **air volume, and therefore compressor duty and response time**. 60 filaments is 60 potential leak points and 60 terminations to crimp. No human contact, no safety data. A senior design team will underestimate the fabrication labour here badly. ---"
A3,"Recurrent braiding to raise contraction ratio — Koizumi, Kurumaya, Nabae, Endo & Suzumori, 2020","S. Koizumi, S. Kurumaya, H. Nabae, G. Endo, K. Suzumori, ""Recurrent Braiding of Thin McKibben Muscles to Overcome Their Limitation of Contraction,"" *Soft Robotics*, vol. 7, no. 2, pp. 251–258, 2020.",https://doi.org/10.1089/soro.2019.0022 — **fetched:** Crossref record + Semantic Scholar full abstract.,no (abstract verified).,"Braiding thin McKibben muscles out of thin McKibben muscles, recursively, raises stroke beyond the geometric limit of a single muscle.",single thin McKibben contraction ratio **28%**; braided once **37%**; braided twice **41%**. Theory and experiment agree; ratio keeps rising with more braiding levels.,"This is the number to quote when someone claims PAMs ""only give 25%."" A shoulder needing large joint excursion can get ~40% stroke from a bundled architecture. Conversely it confirms that a plain McKibben tops out near 28% — which sets your moment-arm and muscle-length geometry, and a long muscle needs a long torso to live in.",B.,"Contraction ratio is bought with force and with more air volume per unit stroke; the abstract does not report the force penalty, and I could not read the full text to check. Bench actuators only. Recursive braiding is a serious fabrication skill, not a weekend job. ---"
A3,"Silent electrically driven thin McKibben muscles — Cacucciolo, Nabae, Suzumori & Shea, 2020","V. Cacucciolo, H. Nabae, K. Suzumori, H. Shea, ""Electrically-Driven Soft Fluidic Actuators Combining Stretchable Pumps With Thin McKibben Muscles,"" *Frontiers in Robotics and AI*, vol. 6, art. 146, 2020.",https://doi.org/10.3389/frobt.2019.00146 — **fetched:** Crossref record + the Frontiers full-text page.,yes (CC BY).,"Pairing a 1 g solid-state electrohydrodynamic stretchable pump with a low-pressure thin McKibben muscle to get a **completely silent, compressor-free, tube-free** fluidic actuator — and quantifies the price.","muscle blocked force 0.84 N; stroke 4 mm on 180 mm length = **2.2% contraction**; operating pressure 10–20 kPa (vs. standard 100–200 kPa); inner tube ~1 mm dia., 0.15 mm wall; 0.0424 N/kPa. Pump 1 g, 1.5 × 10 mm cross-section, 5–8 kV, ~100 µL/s, ~19 kPa at 7.2 kV. Combined mass 2 g. **Response 10–90%: rise ~14 s, fall ~6.6 s.** Pump efficiency 0.65%; full system efficiency **0.0052%**. Silent operation explicitly claimed.","This is the honest answer to ""can we get rid of the compressor?"" for the noise constraint. Yes — and the actuator then produces 0.84 N with a 14-second rise time at 0.005% efficiency. The silent-supply route is nowhere near human-scale assistive force. Use this to close off a tempting-but-dead design branch in one slide.",B.,"Milli-newton scale, kilovolt drive (a new safety problem next to a patient), 14 s response. Zero transfer to a torso a person leans on, which is precisely why it is worth citing. ---"
A3,"Electro-pneumatic pumps — Diteesawat, Helps, Taghavi & Rossiter, 2021","R. S. Diteesawat, T. Helps, M. Taghavi, J. Rossiter, ""Electro-pneumatic pumps for soft robotics,"" *Science Robotics*, vol. 6, no. 51, eabc3721, 2021.",https://doi.org/10.1126/scirobotics.abc3721 — **fetched:** Crossref record + Semantic Scholar abstract; OA author manuscript at research-information.bris.ac.uk.,partial (accepted author manuscript OA via Bristol; publisher version paywalled).,"A flexible dielectric-fluid electrostatic-zipping pump, 1.1 mm thick and 5.3 g, that silently supplies pressure locally — framed explicitly against ""large, heavy pressure vessels or **noisy, inefficient air pumps**.""","pressure up to 2.34 kPa; volumetric flow up to 161 mL/s; under 0.5 W; thickness 1.1 mm; mass 5.3 g. Drove a soft actuator to 32.40% contraction change at 54.43 %/s. Demonstrated in an antagonistic mechanism, an arm-flexing wearable, and a continuous-pumping system.","The peer-reviewed statement that conventional pneumatic supplies are noisy — useful to cite for the elder-care noise constraint rather than asserting it. But 2.34 kPa is ~50–100× below McKibben operating pressure, so it cannot be your supply. Keep it as the ""state of the art in silent supply"" bound.",B.,Pressure two orders of magnitude short of what a load-bearing McKibben needs. High-voltage drive. No human-contact data. ---
A3,"phloSAR portable supply — Ahlquist, Jitosho, Bao & Okamura, 2024","M. Ahlquist, R. Jitosho, J. Bao, A. M. Okamura, ""phloSAR: a Portable, High-Flow Pressure Supply and Regulator Enabling Untethered Operation of Large Pneumatic Soft Robots,"" arXiv:2403.01086, 2024.",https://arxiv.org/abs/2403.01086 — **fetched:** arXiv abstract page and the full PDF (text extracted locally).,yes (arXiv).,"A 0.84 kg portable supply built from high-flow proportional valves, a 2 L PET reservoir and a Venturi vacuum generator, quantifying exactly what it costs to cut the air tether on a large soft robot.","phloSAR mass 0.84 kg; total with soft robot 1.4 kg. Reservoir: 2 L PET bottle, operating reservoir pressure 690 kPa, burst >900 kPa. Valve flow: EVP 23.5 SLPM, DVP 67.0 SLPM; valve inlet limit 690 kPa. Control error cutoff 1 kPa. Key comparative figure: **micropumps for untethered soft robots cap out around 10 SLPM** and their flow drops as outlet pressure builds; single-use CO₂ cartridges hold ~6000 kPa but freeze the regulator on sustained draw. A reservoir has inherently finite operable duration; refilling it onboard means adding a compressor, which ""increases system weight, size, and cost.""","This is the plumbing-cost paper. It says in print: for a *large-volume* pneumatic soft robot you either accept a tether to a compressor, or accept a finite-duration reservoir, or carry a compressor. For a freestanding torso in a care room, the tether is the least-bad option and the compressor belongs in the base or in another room. Use the 10 SLPM micropump ceiling to kill the ""just use a small quiet pump"" suggestion early.","B (hardware validated, models verified on hardware).","arXiv preprint, no journal peer review confirmed. Built for a 1.5 kg drone payload budget and a vine robot; a torso with several multifilament muscles has far larger volume and duty cycle. No noise measurement, no runtime figure in what I could read. ---"
A3,"Hydraulic vs. pneumatic working fluid — Chambers & Wereley, 2021","J. M. Chambers and N. M. Wereley, ""Influence of hydraulic versus pneumatic working fluids on quasi-static force response of fluidic artificial muscles,"" *Journal of Intelligent Material Systems and Structures*, vol. 32, no. 3, pp. 385–396, 2021.",https://doi.org/10.1177/1045389X21991927 — **fetched:** Crossref record + Semantic Scholar abstract (marked OA).,yes per Semantic Scholar (SAGE CHORUS licence).,"Directly tests whether the McKibben force model is fluid-dependent. Using air or water at precisely matched isobaric conditions, on both large and small actuators, the force–contraction curves were **nearly identical**.","none beyond ""nearly identical isobaric force–contraction response curves"" in the verified abstract; the specific force/pressure values are in the full text I did not read. Says explicitly the result extends existing pneumatic models to any practical liquid or gas.","Settles the hydraulic-alternative question cleanly for *sizing*: switching to water buys you **no extra static force** at the same pressure. What hydraulics buys is stiffness, position accuracy and efficiency (secondary sources put hydraulic ~60% vs pneumatic ~25–30%, which I did not verify to a primary source and therefore flag as unconfirmed). What it costs is leaks onto a patient, mass, and a pump that is not obviously quieter. For a one-year senior design project: do not go hydraulic.",B.,"Quasi-static only — the whole hydraulic advantage is dynamic, and this paper deliberately does not test it. Bench actuators. Says nothing about safety of a water-filled arm in a care setting. ---"
A3,"McKibben modelling review — Tondu, 2012","B. Tondu, ""Modelling of the McKibben artificial muscle: A review,"" *Journal of Intelligent Material Systems and Structures*, vol. 23, no. 3, pp. 225–253, 2012.",https://doi.org/10.1177/1045389X11435435 — **fetched:** Crossref record (title/venue/vol/iss/pages/year confirmed); Semantic Scholar shows 438 citations.,no (SAGE paywall; no abstract exposed by Semantic Scholar either).,"The standard survey of static and dynamic McKibben models up to 2012, including the widely repeated attribution of PAM hysteresis to **strand-on-strand friction inside the braided weave** (as distinct from bladder viscoelasticity).","none verified — I could not read past the paywall, and I am not quoting figures from search snippets.","Cite for the *mechanism* of hysteresis when justifying a control approach: friction-dominated hysteresis is rate-independent-ish and amenable to Prandtl–Ishlinskii-style inversion, whereas viscoelastic hysteresis is not. That distinction decides whether feedforward compensation will work on your arm.",D.,"2012, pre-dates thin-muscle and bundled architectures entirely. Review only. --- McKibben PAMs give you the force density and the intrinsic compliance this project is built around — 88–144 N/cm² tension intensity and ~2.65 W/cm³ peak power density beat skeletal muscle, and a bundled multifilament muscle lets you buy force linearly by adding filaments — so on paper they are the right actuator for an arm a person is allowed to lean on. The killer is bandwidth: the reviewed literature clusters around **0.3 Hz driving frequency**, and above roughly 1 Hz a McKibben cannot fully inflate or deflate, which means your arm cannot react to an unexpected contact faster than a person can push it, and your ""compliant safety"" will come from the rubber, not from the controller. Controllability is worse than the papers make it sound — the one PAM arm here that actually touched humans (RUPERT) went *unidirectional* and imported functional electrical stimulation to get the return stroke, then needed iterative learning control, which only works on repeated trajectories and is therefore useless for a patient leaning at a moment of their own choosing. The force you should plan for is sobering: the best human-subject soft pneumatic elbow in this set delivers 1.45–4.39 N·m and loses over half of it going from 30° to 90°, i.e. it is weakest exactly where a leaning person loads it. Hydraulics is a dead end for you — Chambers & Wereley show the static force is identical for the same pressure, so you would take on leaks, mass and a pump for a dynamic benefit you have no time to exploit. On noise and tethering, be blunt in the design review: silent supplies exist and they are not remotely adequate (2.34 kPa from the Science Robotics electro-pneumatic pump, 0.84 N and a 14-second rise time from the silent thin-McKibben system at 0.005% system efficiency), micropumps cap near 10 SLPM, reservoirs have finite duration, and the only deployment in this set that genuinely survived years in nursing facilities — the Muscle Suit — ducked the problem by not running a compressor at all. So: **yes, PAMs are viable for this arm, on three conditions** — put the compressor outside the care room or in a heavy damped base and run a tether, adopt the rigid–soft hybrid architecture the 2026 rehab review converges on rather than an all-soft torso, and write a spec that never asks the arm to move faster than ~0.5 Hz or to hold torque at full extension. If the team cannot accept a tether, stop now and go to A2 (SEA/VSA), because every untethered fluidic supply in the verified literature is one to two orders of magnitude short of human-scale assistive force. One more warning: a 60-filament bundle is 60 crimped terminations and 60 leak paths, and leakage is the documented common failure mode — budget fabrication and leak-chasing time the way you would budget machining, or the one-year clock will be spent on plumbing rather than on the deflection tests that actually validate the design."
B1,"Baloo — Johnson, Clawson & Killpack, 2024/2025","C. C. Johnson, A. Clawson, M. D. Killpack, ""Baloo: A Large-Scale Hybrid Soft Robotic Torso for Whole-Arm Manipulation,"" arXiv:2409.08420 [cs.RO], submitted Sept 2024, revised Mar 2025.",https://arxiv.org/abs/2409.08420 (fetched arXiv abstract page),yes,"A human-scale hybrid soft-rigid torso with two meter-long pneumatically actuated soft arms that performs whole-arm (not fingertip) grasping of large heavy objects, using passive compliance to distribute contact force instead of modelling it.","two ~1 m pneumatic arms; **19 kg payload at the end effector**; 30 whole-body grasping trials, 100% success across varied object shapes/weights; strength-to-weight ratio stated as competitive with similar-size rigid robots. Torso joint count and arm mass not given on the abstract page.","This is the closest existing analogue to your whole system — a freestanding soft torso plus two compliant arms that actually carries kilograms. It is the existence proof that hybrid (rigid skeleton + soft pneumatic actuation) reaches useful load, and it is evidence that the *dynamic* load case is solvable. Steal the architecture: rigid structural spine, soft actuated links, whole-arm contact.",A,"Payload is a hanging/grasped load at the end effector, not a lateral leaning load on the torso, and not a static hold for minutes. No reported test of an off-axis moment applied to the torso, which is exactly your load case. Preprint; peer-review status unclear."
B1,"Inflated-beam collapse — McFarland & Coad, 2023","C. McFarland, M. M. Coad, ""Collapse of Straight Soft Growing Inflated Beam Robots Under Their Own Weight,"" arXiv:2307.00089v1 [cs.RO], June 2023.",https://arxiv.org/html/2307.00089v1 (fetched full HTML),yes,"Derives and experimentally validates when a fabric inflated beam folds under its own weight, giving a closed-form structural limit for any pressurised soft link.","critical collapse moment **M_collapse = PπD³/8**; tested D = 2.43, 3.24, 4.04, 4.85 cm; P = 2.07–13.8 kPa; collapse lengths 0.3–1.5 m; horizontal case L = D·√(P/(8tρg)); TPU-coated ripstop nylon t = 0.031 mm, ρ = 2199 kg/m³, E = 1.3 GPa.","This is the single most useful equation in the packet. Run your own load case through it before choosing any inflatable link. Example with their formula: a Ø150 mm fabric arm at 20 kPa gives M_collapse ≈ 26 N·m. A patient leaning 200 N at 0.5 m from the shoulder applies ~100 N·m. You would need ~75 kPa (11 psi) at that diameter, or ~Ø230 mm at 20 kPa, to not fold. A 75 kPa tube is not soft to the touch any more — it feels like a car tyre. That trade is the whole argument against a fully inflatable arm here.",A,"Self-weight collapse of a straight cantilever, not a joint-articulated arm under an external human lean; no repeated-load or creep data; fabric-specific constants."
B1,"Protective soft skins — Svarny et al., 2022","P. Svarny, J. Rozlivek, L. Rustler, M. Sramek, O. Deli, M. Zillich, M. Hoffmann, ""Effect of Active and Passive Protective Soft Skins on Collision Forces in Human-Robot Collaboration,"" *Robotics and Computer-Integrated Manufacturing*, 78, 102363, 2022.","https://doi.org/10.1016/j.rcim.2022.102363 (fetched arXiv:2203.09872 abstract page, which states the published venue and DOI)",partial (arXiv preprint open; journal version paywalled),"Systematic measurement of how a soft cover changes real collision forces on three manipulators, with a model extension that accounts for cover stiffness and thickness.","2250 collision measurements; passive skin lowered peak impact force **~40%** overall — reported as 40% (UR10e), 45% (KUKA LBR iiwa), 46% (KUKA Cybertech) in transient contact; measures impact force, contact duration, clamping force and impulse.","Quantifies exactly what ""padded rigid arm"" buys you: roughly a 40% cut in transient peak force, and nothing for the sustained/clamping case. If you go rigid-structure-plus-cover, this is your safety number and it is not a substitute for compliant actuation.",A,"Industrial arms, not a torso; transient impact, not a person resting their weight on the cover; quasi-static clamping is where covers help least, and leaning is quasi-static."
B1,"Kenshiro / Kengoro design principles — Asano, Okada & Inaba, 2017","Y. Asano, K. Okada, M. Inaba, ""Design principles of a human mimetic humanoid: Humanoid platform to study human intelligence and internal body system,"" *Science Robotics*, 2(13), eaaq0899, 2017.","https://doi.org/10.1126/scirobotics.aaq0899 (verified via Semantic Scholar Graph API record: DOI, venue, volume, year, authors, PMID 33157878)",no (publisher-closed; abstract elided in the API record),"The definitive statement of the musculoskeletal-humanoid design philosophy: rigid human-mimetic skeleton, multifunctional structural members, tendon-driven sensor-integrated muscle modules, compliance placed in the actuation rather than the structure.","none verified from a page I could fetch. Kengoro specs widely cited as 1.7 m, 56 kg, 116 muscle modules, 174 DOF — the 56 kgf figure is confirmed in Kawaharazuka et al. 2024 below; treat the rest as secondary until someone reads the PDF.","This is the third architecture option in clean form — rigid load-bearing skeleton with compliance entirely in tendon actuation. It is the only one of the three that has demonstrated human-scale whole-body contact behaviour. It also tells you where the load path goes: through bones, in compression, to the floor. Same answer you want.","A (for the architecture argument), C (for numbers, which I could not verify at source)","Not designed to be leaned on, and not designed for safety around frail users; the tendon redundancy that makes it compliant also makes it very hard to control and to certify. Enormously outside a senior-design budget and build time."
B1,"Bone-muscle modules — Kawaharazuka et al., 2024","K. Kawaharazuka, S. Makino, M. Kawamura, Y. Asano, Y. Kakiuchi, K. Okada, M. Inaba, ""Human Mimetic Forearm Design with Radioulnar Joint using Miniature Bone-Muscle Modules and Its Applications,"" arXiv:2408.09934v1, 2024.",https://arxiv.org/html/2408.09934 (fetched full HTML),yes,"Concrete mechanical design of the actuator modules that make a musculoskeletal arm work, embedded inside the bone structure itself.","module 32.0 × 40.0 × 126 mm, **0.30 kgf per module**, 2× 60 W BLDC per module, **424 N continuous max winding tension**, gear ratios 84:1 and 157:1, Ø8 mm pulley, 116 mm/s no-load winding; forearm = 8 muscles in 4 modules, 6 DOF; 560 N (56.5 kgf) load cell; Kengoro total mass **56 kgf**.","Gives you real tendon force numbers to size against. 424 N per muscle is the order of magnitude a tendon-driven compliant arm needs to hold assistive load — and note that a 157:1 gear ratio is *not* backdrivable, so compliance there comes from tendon elasticity and force control, not from the transmission. Useful counterweight to the ""just make it backdrivable"" instinct.",A,"Forearm scale; no data on sustained holding, thermal limits under static load (a leaning patient is a stall-torque condition), or structural margin."
B1,"Lightweight hybrid soft arm — Ohta et al., 2018","P. Ohta, L. Valle, J. King, K. Low, J. Yi, C. G. Atkeson, Y.-L. Park, ""Design of a Lightweight Soft Robotic Arm Using Pneumatic Artificial Muscles and Inflatable Sleeves,"" *Soft Robotics*, 5(2), 204–215, 2018.","https://doi.org/10.1089/soro.2017.0044 (verified via Semantic Scholar API and EuropePMC full abstract, PMID 29648951)",partial (bronze OA PDF at Liebert),"An explicitly bioinspired soft-rigid hybrid arm: rigid-ish internal structure actuated by custom McKibben muscles, wrapped in inflatable sleeves for impact cushioning, deliberately trading pure softness for accuracy and usable weight.","**7 DOF** (2 shoulder, 2 elbow, 2 wrist, 1 grasp); custom McKibben PAMs with binary + proportional valves; potentiometer per joint; servomotors for wrist/hand. Inflatable sleeve pressure ~20 kPa giving 3–5 cm of compressible padding (this sleeve figure came from a search-result snippet of the SAGE full text, not from a page I fetched end to end — verify before quoting). Payload and arm mass not stated in the abstract.","The cleanest published statement of your actual architecture: structure and precision from the rigid elements, compliance from pneumatic muscles, contact safety from an inflatable/padded sleeve. Directly transferable layering strategy.",A,"Arm only, not a freestanding torso; no load-bearing test; no static hold data; pneumatics mean a compressor on the floor, which is a real system-level cost for a clinic."
B1,"King Louie — Best, Wilson & Killpack, 2015","C. M. Best, J. P. Wilson, M. D. Killpack, ""Control of a Pneumatically Actuated, Fully Inflatable, Fabric-Based, Humanoid Robot,"" *IEEE-RAS Int. Conf. on Humanoid Robots (Humanoids)*, 2015.","http://radlab.byu.edu/uploads/4/4/7/0/4470886/humanoids_2015.pdf (fetched PDF, text extracted locally)",yes (author copy),"The reference fully-inflatable humanoid: entire structure, not just the actuators, is pressurised fabric. Demonstrates that MPC/LQR can position such a robot well enough to do a pick-and-place task.","**14 DOF** humanoid (two 5-DOF arms + torso joint); ballistic nylon fabric with internal bladders; **structural chamber pressurised to only 1–2 psi (7–14 kPa)**; antagonistic joint actuators 0–25 psi, limited to 0–17 psi in practice due to pinching; arm link lengths from DH table: 0.18, 0.32, 0.28, 0.14, 0.28 m; task success 8/10.","This is your fully-soft option, and the numbers kill it for your use case. A 1–2 psi structural chamber cannot take a lean — put McFarland & Coad's M = PπD³/8 against 10 kPa and the collapse moment is trivial. Fully inflatable buys safety and lightness and gives up load path entirely.",B (excellent platform description; no structural load testing reported),"No payload, stiffness, or collapse data in the paper. Positional accuracy is poor and the paper does not claim otherwise. Nothing here about static human contact loads."
B1,"Positive-pressure layer jamming — Do, Wu, Zhao & Okamura, 2023","B. H. Do, S. Wu, R. R. Zhao, A. M. Okamura, ""Stiffness Change for Reconfiguration of Inflated Beam Robots,"" arXiv:2307.03247, 2023. DOI 10.48550/arXiv.2307.03247.",https://arxiv.org/html/2307.03247v1 (fetched full HTML),yes,"Embedded layer jamming inside an inflated beam, stiffened by positive pressure rather than vacuum, letting you switch sections of a soft arm between compliant and load-bearing.","Ø55 mm × 250 mm beam: unjammed **1.07 N** to displace 10 mm at 6.9 kPa vs jammed **6.68 N** — a **624% stiffness increase**; **663%** at 20.7 kPa. Layer stack (15 paper layers, 0.1 mm each, 35 mm wide, 1.82 mm total, 150 mm span): flexural modulus **263.2 kPa unjammed → 3038.6 kPa jammed (≈11.5×)**. Positive-pressure jamming within 2.1–4.7% of vacuum jamming. 4-segment robot, 0.25 m per section.","The honest scale check on stiffness-tunable structures. An 11× modulus change sounds transformative until you notice the absolute number: 6.68 N to move the tip 10 mm. That is a fraction of the force a leaning person applies. Jamming is a *mode-switching* technology for a soft arm's own posture, not a way to make a soft arm hold a human.",A,"Small-scale beams; paper layers, not a durable engineering laminate; nothing about sustained load, creep, or cycle life. Scaling jamming force to human-lean loads is unproven."
B1,"Foam-covered manipulators — Zeng & Bone, 2013","L. Zeng, G. M. Bone, ""Design of elastomeric foam-covered robotic manipulators to enhance human safety,"" *Mechanism and Machine Theory*, 60, 1–27, 2013.","https://doi.org/10.1016/j.mechmachtheory.2012.09.010 (verified via Crossref API record and Semantic Scholar API: authors, journal, volume, pages, year)",no,"A design method for selecting foam covering properties (elastic modulus, viscosity) so that human-robot impact force stays under a stated injury threshold — i.e. treats the cover as a designed structural element, not an afterthought.","the widely-quoted target is keeping impact force below a **50 N** human pain-tolerance limit; that figure came from a search-result snippet of the ScienceDirect abstract, not a page I fetched in full. **Do not put 50 N in a report until someone reads the paper.** No other numbers verified.","If you choose rigid structure + soft covering, this is the paper that tells you how to size the foam rather than guessing. Pairs directly with Svarny et al.",B (citation solid; numbers unverified at source — paywalled),"Impact case, industrial manipulator geometry. A patient leaning is a sustained compressive load on foam, which means creep and bottoming-out, neither of which this addresses."
B1,"RIBA / ROBEAR — Mukai et al., 2010 (+ RIKEN 2015)","T. Mukai, S. Hirano, H. Nakashima, Y. Kato, Y. Sakaida, S. Guo, S. Hosoe, ""Development of a nursing-care assistant robot RIBA that can lift a human in its arms,"" *IEEE/RSJ Int. Conf. on Intelligent Robots and Systems (IROS)*, pp. 5996–6001, 2010. DOI 10.1109/IROS.2010.5651735.","https://doi.org/10.1109/IROS.2010.5651735 (verified via Crossref API and Semantic Scholar API: full author list, venue, pages, DOI). ROBEAR specs: https://www.riken.jp/en/news_pubs/research_news/pr/2015/20150223_2/ (fetched).",no (paper); ROBEAR press release open.,"The only robot family that has actually lifted and held adult human body weight in its arms — rigid arms, urethane-foam soft exterior, capacitive rubber tactile skin, low-gear-ratio backdrivable actuators.","verified from RIKEN: **ROBEAR mass 140 kg**, RIBA-II 230 kg; actuator units use a **low gear ratio for backdrivability**; torque sensors plus Smart Rubber capacitive tactile sheets on arms and chest. The frequently quoted **61 kg lifting capacity** for RIBA appears only in news coverage, not in a source I could fetch — flag it as unverified.","This is the reality check on your whole project. The only machine that has held a human's weight did it with a rigid structure, a heavy stiff base, soft covering, and tactile sensing — not with a soft structure. Note the mass ratio: 140–230 kg of robot to lift ~60 kg of person. Freestanding stability against a lean is a base-mass and footprint problem before it is a compliance problem.","B (system is real and well documented; the specific numbers I could verify are mass and sensing, not load)","Nothing soft-structured about it; huge and expensive; programme discontinued in 2015. Its arms cradle a passive body rather than resist a lean, which is a different load direction."
B1,"Blue (quasi-direct drive arm) — Gealy et al., 2019","D. V. Gealy, S. McKinley, B. Yi, P. Wu, P. R. Downey, G. Balke, A. Zhao, M. Guo, R. Thomasson, A. Sinclair, P. Cuellar, Z. McCarthy, P. Abbeel, ""Quasi-Direct Drive for Low-Cost Compliant Robotic Manipulation,"" *IEEE ICRA*, 2019; arXiv:1904.03815.",https://arxiv.org/abs/1904.03815 (fetched abstract page),yes,"A human-scale 7-DOF arm made safe by low gear ratio and force control rather than by soft materials, at a build cost a student team can approach.","**2 kg payload**, **7 DOF**, **< $5000** build cost, 7.5 Hz position-control bandwidth, ~4 mm repeatability.","The realistic actuation answer for your budget. Compliance from a backdrivable transmission is cheap, robust, controllable, and does not collapse under static load the way a pressurised structure does. But note the payload: 2 kg. Getting assistive force out of a QDD arm means giving up backdrivability or adding gravity compensation/bracing.",A,"Arm only; no torso; low payload; 4 mm repeatability; low bandwidth. Backdrivable means the arm also backdrives *under the patient's load*, which is the wrong behaviour when someone is leaning — you need a brake or a self-locking load path for the static case."
B1,"Blower-powered inflatable joints — Niiyama et al., 2021","R. Niiyama, Y. Seong, Y. Kawahara, Y. Kuniyoshi, ""Blower-Powered Soft Inflatable Joints for Physical Human-Robot Interaction,"" *Frontiers in Robotics and AI*, 8, 720683, 2021.",https://doi.org/10.3389/frobt.2021.720683 (fetched Frontiers full text; citation confirmed via Crossref API),yes,"Very-low-pressure, continuously blower-inflated fabric joints for a ""hugging robot,"" with a torque model validated across sizes, plus contact detection from internal pressure change.","operating pressure **< 300 Pa** (50–100 Pa minimum to hold shape); joint internal diameter 70–500 mm, lengths to 3 m; nylon fabric ~70 g/m²; prototype uses 5 linear actuators (200 mm stroke, 22:1); puncture-tolerant because continuously blown.","The extreme soft end of the design space and a useful sensing idea — internal pressure as a contact sensor, free. But 300 Pa is two orders of magnitude below the pressures in McFarland & Coad's collapse tests. This structure holds up a fabric limb and nothing else. Use the sensing trick; do not use the structure for load.",A,"No payload data, no load capacity, continuous blower noise and power, and structurally irrelevant to a leaning load."
B1,"Tensegrity compliant spine (Flexinoid) — Ali & Abdullah, 2025","A. R. Ali, H. S. Abdullah, ""Development of a compliant spine mechanism for enhanced humanoid robotics locomotion,"" *Scientific Reports*, 15, 44646, 2025.",https://doi.org/10.1038/s41598-025-32165-w (fetched PMC12749162 full text),yes,"A 5-segment tensegrity spine (rigid struts in compression, TPU cables in tension) with series elasticity in the tendon paths, replacing a rigid humanoid trunk.","5 vertebral segments, PETG printed, 50 mm struts, 1.75 mm TPU cables, **12 DOF**; **15 kg passive static load supported unpowered**; **~7.8 kg active load** during manipulation; flexion −30° to 65°, lateral bend ±30°; per-vertebra 25° flexion, ±10° lateral; 2 motors at 1.89 N·m.","The most directly relevant torso result in the packet, and the key insight is the split between 15 kg passive and 7.8 kg active. A tensegrity torso can *hold* load when the tendons are locked and carries roughly half that when it has to actuate. If you build a compliant torso, design the static lean case as a passive/braked state, not an actuated one.","B (peer-reviewed and open, but single prototype, small motors, open-loop control, very recent with no independent replication)","Aimed at locomotion, load applied axially, not as a lateral lean; 15 kg is far short of a person's partial body weight (a leaning adult easily puts 20–40 kg through the contact); no fatigue or creep data on TPU cables, which will relax."
B1,"ECCE1 anthropomimetic torso — Marques et al., 2010","H. G. Marques, M. Jäntsch, S. Wittmeier, O. Holland, C. Alessandro, A. Diamond, M. Lungarella, R. Knight, ""ECCE1: the first of a series of anthropomimetic musculoskeletal upper torsos,"" *IEEE-RAS Int. Conf. on Humanoid Robots (Humanoids)*, 2010.","https://archive.air.in.tum.de/Main/Publications/marques2010.pdf (fetched PDF, text extracted locally)",yes (author copy),"The original compliant anthropomimetic upper torso: hand-moulded thermoplastic ""bones,"" complex non-ideal joints, DC motors pulling elastic tendons, compliance deliberately built into the body rather than the controller.","verified in the PDF text: reference platform ~**1 m height, ~22 kg, 53 DOF**; engineered 1/2/3-DOF joints; 2-DOF shoulder arrangement fixed to the trunk, 1-DOF elbow hinge, 2-DOF wrists; simulation model with 43 nodes. **No payload, stiffness, or load-capacity numbers are reported anywhere in the paper.**","Useful as the cautionary case. It is the purest ""compliance in the body"" torso and it reports no load capability at all, because it has essentially none — the elastic tendons that make it safe also make it unable to hold a pose against external force.","C (design description, no quantitative structural evaluation)","Not load-bearing, not freestanding under external load, hand-made and unreproducible, and the control problem it creates was never solved by the project. --- Build a **soft-rigid hybrid: a rigid, grounded structural load path with compliance in the actuation and a designed soft covering at every contact surface.** The evidence is not close. Every system in this literature that has actually supported human-scale load is rigid-structured — RIBA/ROBEAR (140–230 kg of rigid machine to handle a ~60 kg person), Flexinoid's tensegrity spine (15 kg passive, and only because rigid struts carry the compression), Baloo (19 kg, hybrid, rigid torso frame). Every fully soft structure reports either no load data at all (ECCE1, King Louie, Niiyama's blower joints) or numbers off by an order of magnitude from your load case (Do et al.: 6.68 N to deflect a jammed beam 10 mm). Do the arithmetic yourself with McFarland and Coad's collapse moment M = PπD³/8 — a Ø150 mm fabric arm at 20 kPa folds at ~26 N·m, while a patient leaning 200 N at 0.5 m applies ~100 N·m, and the pressure you'd need to survive it makes the arm hard to the touch, which defeats the point. So: soft where the person touches, rigid where the force goes to the floor. Jamming and stiffness tuning are worth one paragraph in your report and no build time; they switch a soft arm's own posture, they do not hold people. Two things the papers say that your team will otherwise learn the hard way: backdrivable transmissions (Blue, ROBEAR) are the right compliance mechanism but they backdrive under a static lean too, so the lean case needs a brake, a self-locking joint, or a passive mechanical stop — design that state explicitly rather than treating the lean as a disturbance; and the freestanding requirement is a base-mass, footprint and tipping-moment problem before it is a compliance problem, which is why ROBEAR weighs 140 kg and nobody in this literature has built a light freestanding torso that resists a lateral human load. Budget your safety case on Svarny's ~40% peak-force reduction from a passive cover — real, useful, and not enough on its own, since a lean is quasi-static and covers help least there."
B2,"CushSense — Xu et al., 2024","Boxin Xu, Luoyan Zhong, Grace Zhang, Xiaoyu Liang, Diego Virtue, Rishabh Madan, Tapomayukh Bhattacharjee. ""CushSense: Soft, Stretchable, and Comfortable Tactile-Sensing Skin for Physical Human-Robot Interaction."" arXiv:2405.03155 [cs.RO], 2024. (Also presented in the IROS 2024 cycle.)",https://doi.org/10.48550/arXiv.2405.03155 — **fetched** `arxiv.org/abs/2405.03155` and `arxiv.org/html/2405.03155v1`,yes,"A fabric-and-hyperelastic-polymer capacitive tactile skin designed explicitly for *caregiving* contact (limb manipulation, bed bathing), built cheaply and validated with a human-subject comfort/safety study rather than only a load cell.","taxel 3 cm × 3 cm, 9-layer stack; 56 taxels covering four sections of a robot arm; force range to ~55 N, characterized 0–40 N; relative error 0.58 %; hysteresis ~3 N ≈ 5.4 % of range; output rate 100–400 Hz (FDC1004 capacitance-to-digital converter); 0.054 % accuracy drop after 1000 interaction cycles; ~$7 per taxel; user study n = 15 (9 F / 6 M, mean age 22.3), 14/15 preferred CushSense, p < 0.001 for both comfort and perceived safety.","This is the closest published thing to what this project should actually build, and it is open-sourced. It sets the realistic bar for a senior-design skin: 3 cm taxels, ~5 % hysteresis, sub-$10/channel, human-rated comfort. Use it as the baseline design and justify any deviation.","A (hardware + human subjects, though the ""safety"" outcome is perceptual, not injury-biomechanical)","Validated for a *robot manipulating a limp human limb*, not a human loading the robot. 55 N full scale is far below what a leaning adult applies (a 70 kg person shifting 30 % of body weight is ~200 N). 5.4 % hysteresis on a compliant substrate that is also carrying structural load is untested. Mean subject age 22 — no elderly or patient participants at all. ---"
B2,"Comprehensive robot skin — Cheng et al., 2019","Gordon Cheng, Emmanuel Dean-Leon, Florian Bergner, Julio Rogelio Guadarrama Olvera, Quentin Leboutet, Philipp Mittendorfer. ""A Comprehensive Realization of Robot Skin: Sensors, Sensing, Control, and Applications."" *Proceedings of the IEEE*, 107(10):2034–2051, 2019.",https://doi.org/10.1109/JPROC.2019.2933348 — **fetched** the Proceedings of the IEEE October 2019 issue page; metadata re-confirmed via Crossref,no (IEEE paywalled; the TUM group's news pages and the earlier T-RO paper carry much of the content),"The end-to-end account of the HEX-o-skin / CellulARSkin line: multimodal hexagonal skin cells (proximity, normal force, acceleration, temperature) with local microprocessors, self-organizing network topology, event-driven transport, and whole-body control built on top. It is the reference for ""what a real whole-body skin costs you in engineering.""","deployment figure widely reported for this line: 1260 skin cells on the REEM-C humanoid = 11,340 individual sensors, each cell roughly two-euro-coin sized (~3 cm across) with 4 modalities. Per-cell force resolution, latency and drift figures are behind the paywall and I did not verify them — **treat as none reported here.**","The architecture lesson, not the parts list. It tells the team that whole-body skin is a *networking and data-rate* problem as much as a transducer problem: put a microcontroller in each patch, use event-driven reporting (only send on change), and design the topology so a cut wire re-routes. That decision has to be made before any taxels are fabricated.",B (extensive hardware validation across several robots; no human-subject safety trial in this paper),"Rigid-link humanoids. The cells are stiff PCB islands in an elastomer — on a torso that must itself deform under a lean, rigid islands become pressure concentrators and their accelerometer-based self-organization assumes the body geometry does not change. Also: 1260 cells is a multi-person-year build, not a senior design semester. ---"
B2,"iCub capacitive skin — Maiolino et al., 2013","Perla Maiolino, Marco Maggiali, Giorgio Cannata, Giorgio Metta, Lorenzo Natale. ""A Flexible and Robust Large Scale Capacitive Tactile System for Robots."" *IEEE Sensors Journal*, 13(10):3910–3917, 2013.","https://doi.org/10.1109/JSEN.2013.2258149 — **fetched** the open preprint at `ar5iv.labs.arxiv.org/html/1411.6837` (arXiv:1411.6837), metadata confirmed via Crossref",partial (paywalled at IEEE; full author preprint on arXiv),"The most numerically honest large-area tactile skin paper available: triangular fPCB modules with a 3D-fabric dielectric instead of elastomer, with embedded thermal sensors specifically because capacitive taxels drift with temperature.","10 pressure taxels + 2 temperature sensors per triangular module; taxel area 15.20 mm² (up from 12.56 mm²); pressure range 2–160 kPa with two linear regimes (2–45 kPa at 2.50 fF/kPa, 65–160 kPa at 0.86 fF/kPa); hysteresis ≈ 5 % max (9.1 fF at 28.6 kPa); **stress-relaxation time constant τ ≈ 1 h 18 min**; temperature compensation validated 15–40 °C; 16-bit CDC, 8-bit dynamic range in deployment; output rate 25 Hz; up to 16 modules per bus; full iCub deployment 1868 taxels (104 hands, 610 arms, 440 torso); 1500 taxels on a Barrett WAM.",The τ ≈ 78 min relaxation constant is the number to put on a slide. It means any elastomer/fabric-dielectric capacitive skin will *slowly change its zero* under a sustained load — exactly the load case of a patient leaning for two minutes. Sustained-contact force magnitude from a soft capacitive skin is not trustworthy; contact *presence* and *location* are. Design the control law so sustained force comes from a different sensor (joint torque or a load cell in the base) and the skin only supplies where and when.,"B (thorough bench characterization, robot deployment, no human-subject safety test)",25 Hz is marginal for reacting to an impact; the transducer is a stiff triangular fPCB that will not tolerate the strains a genuinely soft link undergoes; and the two-regime nonlinearity means a single-slope calibration is wrong over most of the range. ---
B2,"HEX-o-skin — Mittendorfer & Cheng, 2011","Philipp Mittendorfer, Gordon Cheng. ""Humanoid Multimodal Tactile-Sensing Modules."" *IEEE Transactions on Robotics*, 27(3):401–410, 2011.",https://doi.org/10.1109/TRO.2011.2106330 — **fetched** the TUM research-portal record `portal.fis.tum.de/en/publications/humanoid-multimodal-tactile-sensing-modules/`; Crossref-confirmed,no (TUM portal record and figures are public; PDF is not),"The founding HEX-o-skin paper. A hexagonal PCB cell carrying temperature, acceleration and proximity sensors — deliberately *multimodal* rather than a pressure array — embedded in a rapid-prototyped elastomer and wired to neighbours through only four non-crossing conductors, with active re-routing around damaged links.","four sensing modalities per cell; power+data between neighbours reduced to 4 non-crossing wires; redundant connection to neighbouring modules. Specific cell dimensions, sampling rates and force thresholds are not in the publicly readable record — **none verified.**","Two transferable decisions. (a) Multimodality beats pressure-only: the accelerometer catches taps and impacts that a slow pressure taxel misses, the proximity channel gives pre-touch, and they come on the same board. (b) The four-wire daisy chain is the answer to ""how do I wire 200 taxels across two moving arms without a harness the size of the arm."" Copy the wiring topology even if you do not copy the transducers.",B,"2011 hardware, rigid PCB islands, and the whole design presumes a rigid substrate underneath to mount to. It also has no normal-force transducer worth the name in this generation — light touch via proximity, impact via accelerometer, but not ""how many newtons is this person applying."" ---"
B2,"Proximity perception survey — Escaida Navarro et al., 2022","Stefan Escaida Navarro, Stephan Mühlbacher-Karrer, Hosam Alagi, Hubert Zangl, Keisuke Koyama, Björn Hein, Christian Duriez, Joshua R. Smith. ""Proximity Perception in Human-Centered Robotics: A Survey on Sensing Systems and Applications."" *IEEE Transactions on Robotics*, 38(3):1599–1620, 2022.",https://doi.org/10.1109/TRO.2021.3111786 — **fetched** the full text at `ar5iv.labs.arxiv.org/html/2108.07206` (arXiv:2108.07206); Crossref-confirmed for volume/pages,partial (author version on arXiv),"The only place with a defensible side-by-side of proximity modalities and their actual ranges, and it explicitly ties them to ISO/TS 15066 speed-and-separation monitoring.","**Capacitive:** 30–40 cm on finger-scale electrodes, up to ~30 cm for 50×100 mm² large-area electrodes, update 20–125 Hz (some kHz), human coupling ~100 pF, strong on conductors and weak on insulators. **Optical reflected-intensity:** 1–300 mm, >1 kHz update, sub-mm resolution, <1 ms measurement. **Optical ToF (VL6180X class):** 10–100 mm, 1 mm resolution, ±1–2 mm repeatability, 7 ms to tens of ms measurement, ~10 cm dead zone. **Triangulation:** to 1.5 m with ~20 cm dead zone. **Inductive:** 150–300 mm, 25 kHz. **Radar FMCW:** 60 GHz / 160 GHz, simultaneous range + velocity. **Acoustic seashell effect:** ~4 mm. **Worked ISO/TS 15066 example (UR10e):** 500 Hz control (2 ms cycle), 4 ms reaction, 100 ms stopping time → 0.236 m protective separation distance excluding human position uncertainty. Survey frames 0–50 cm as the critical HRI band and notes Hall's ~45 cm intimate-space threshold.","This is where the proximity spec comes from. Capacitive is the right pick for this robot: a human body is a big capacitive target, 20–30 cm range on realistically sized electrodes covers the approach envelope, and the electrodes can be printed on the same flexible substrate as the tactile layer. The UR10e worked example also gives the honest reality check — even a fast industrial arm needs 24 cm of separation, and a compliant arm's ""stopping distance"" is dominated by its own compliance, not its controller.","D (survey), but the numbers are drawn from graded primary sources and it is the right citation for a spec table",Survey of *rigid* manipulators. Capacitive proximity electrodes on a stretching soft link change their own geometry and therefore their baseline capacitance — the survey does not treat the coupled proximity-plus-strain case at all. Self-capacitance also gets swamped by the robot's own moving parts on a torso where arms pass near the trunk. ---
B2,"GenTact-Prox — Kohlbrenner et al., 2026","Carson Kohlbrenner, Anna Soukhovei, Caleb Escobedo, Nataliya Nechyporenko, Alessandro Roncone. ""Design, Mapping, and Contact Anticipation with 3D-printed Whole-Body Tactile and Proximity Sensors."" arXiv:2603.04714v2, 2026.",https://arxiv.org/abs/2603.04714 — **fetched** `arxiv.org/html/2603.04714v2`,yes,"Fully 3D-printed skin units (conductive PLA electrodes in a PLA ""dermis"") that do self-capacitance for both direct contact and proximity out to 18 cm, procedurally generated to fit an arbitrary robot's morphology, with an ensemble-ML map of the sensable volume (""perisensory space"").","5 skin units, 17 sensors total on a Franka Research 3; detection range up to 18 cm, per-sensor spread 2.6–18 cm; update 15–30 Hz on an ESP32-C6; 1 cm grid for perisensory-space mapping; SNR threshold 3.5 for reliable detection; 100 MLPs per unit in the ensemble; **under $25 USD per unit.**","The cheapest credible path to combined tactile+proximity coverage for a student team — a printer, conductive filament and ESP32s, no cleanroom, no liquid metal. The 2.6–18 cm per-sensor range spread is the honest warning: identically printed sensors do not have identical ranges, so per-sensor calibration is mandatory, not optional.","B (hardware validated on a real arm; no human-subject trial, and it is a 2026 preprint with no visible peer review yet)","15–30 Hz is slow — at 30 Hz you get one sample every 33 ms, which is fine for a slow approach and useless for an impact. Rigid PLA dermis is not a soft link; it is a shell. And 17 sensors on one arm extrapolates to a large channel count for a torso-plus-two-arms body at the same coverage density. ---"
B2,"Intrinsic sense of touch — Iskandar et al., 2024","Maged Iskandar, Alin Albu-Schäffer, Alexander Dietrich. ""Intrinsic sense of touch for intuitive physical human-robot interaction."" *Science Robotics*, 9(93):eadn4008, 2024.",https://doi.org/10.1126/scirobotics.adn4008 — **fetched** the TUM research-portal record; Crossref-confirmed,"no (science.org returns 403; author copy exists at `elib.dlr.de/206039/` but the PDF did not extract to text for me, so I did not read its numbers)","A robot arm (DLR SARA) resolving *where and how* it is being touched — well enough to read handwritten letters and numbers traced on its surface, and to place virtual buttons and sliders anywhere on the structure — using only high-resolution redundant joint force/torque sensors plus manifold learning. No skin at all.","**none verified.** The abstract-level records give no force resolution, localization accuracy or classification rate that I could confirm from a readable source. Do not cite a number from this paper without reading the PDF.","This is the direct counter-argument to building a skin, and the team must answer it in the design review. If joints can localize contact, a 200-channel skin is over-reach. The answer for *this* robot is that it does not transfer: intrinsic sensing works because a rigid arm is a near-perfect mechanical transmission from contact point to joint torque sensor. Compliant links are a low-pass filter with hysteresis between contact and joint — they destroy exactly the signal this method depends on. Say that explicitly; it is the strongest justification for surface sensing on a soft body.","B (hardware-validated, human-operated demonstrations; not a standardized safety test)","Requires DLR-grade joint torque sensors (expensive, not off-the-shelf), a stiff kinematic chain, and an accurate dynamic model. All three are absent in this project. Also fundamentally ambiguous under multi-contact, which is the normal condition when someone leans on a torso with both hands. ---"
B2,"Whole-body tactile control — Armleder et al., 2025 (with Armleder et al., 2022)","Simon Armleder, Florian Bergner, Julio Rogelio Guadarrama-Olvera, Jun Nakanishi, Gordon Cheng. ""Real-Time Control of a Humanoid Robot for Whole-Body Tactile Interaction."" *Advanced Intelligent Systems*, 7(12):e202500149, 2025. — Companion: Simon Armleder, Emmanuel Dean-Leon, Florian Bergner, Gordon Cheng. ""Interactive Force Control Based on Multimodal Robot Skin for Physical Human−Robot Collaboration."" *Advanced Intelligent Systems*, 4(2):2100047, 2022.","https://doi.org/10.1002/aisy.202500149 and https://doi.org/10.1002/aisy.202100047 — **both resolved and confirmed via Crossref** (authors, venue, volume, issue, article number, year). Wiley returned 403 to direct fetches, so the content summary below comes from the publisher abstract text surfaced in search, not from the full paper.",no (Wiley; accepted manuscripts exist at the `am-pdf` endpoints but are also 403),"How to actually *use* a whole-body skin: a quadratic-program controller that takes force and proximity feedback from a large-area skin network, clusters sensor activations into ""active regions"" so the dense data stays real-time, and simultaneously runs whole-body compliance, interaction-force regulation, and proximity-derived distance constraints for obstacle avoidance. The 2022 paper adds the key practical result that stable force control was achieved with an **uncalibrated** skin system.","**none verified** — paywalled, and I refuse to quote numbers I did not read.","Two architectural decisions, both cheap to adopt. (a) Cluster taxel activations into contact regions before they reach the controller — do not feed 200 raw channels into a control loop. (b) Treat proximity as an inequality constraint on motion, and contact force as a task to regulate, in the same solver. Also, the uncalibrated-skin result is directly reassuring for a student build: you can get useful compliant behaviour before you have a per-taxel force calibration.",B (hardware on a humanoid; no injury-metric or human-subject safety validation confirmed),"Rigid humanoid with torque-controlled joints, which is the plant this project explicitly is not. A QP controller at whole-body rate is also well beyond a senior-design software budget. Take the two ideas, not the implementation. ---"
B2,"Soft sensors + RNN proprioception — Thuruthel et al., 2019","Thomas George Thuruthel, Benjamin Shih, Cecilia Laschi, Michael Thomas Tolley. ""Soft robot perception using embedded soft sensors and recurrent neural networks."" *Science Robotics*, 4(26):eaav1488, 2019.","https://doi.org/10.1126/scirobotics.aav1488 — **fetched** the authors' archival repository `github.com/UCSDBioinspired/thuruthel2019soft`, which states the citation verbatim; Crossref-confirmed",no for the paper (science.org 403); **yes for the code and data** on GitHub,"That an *unstructured, redundant* set of embedded soft resistive sensors plus an LSTM can recover both kinematics and contact force on a soft body — i.e. you do not need to place sensors in a principled pattern or model the material, you need enough of them and a recurrent network to absorb the hysteresis and history dependence.","**none verified** from a readable source. The repository confirms LSTM architecture and LCR-meter data acquisition but does not state sensor count, estimation error or training-set size. Do not quote an accuracy figure without the PDF.","This is the canonical citation for ""how do soft links report their own state,"" and the *method* is what matters: redundancy over precision, recurrence over static mapping. It also carries the field's central warning — a learned soft-sensor calibration is valid only for the material state it was trained on, so it degrades as the elastomer ages, creeps and takes a set. Budget for recalibration in the build plan, not as an afterthought.","B (hardware validated, no human subjects)","Finger/actuator scale, benign loading, short experimental horizons. Nothing here tells you how the learned model behaves after a 200 N lean permanently changes the elastomer, or after six months of creep. The drift problem the assignment asks about is *acknowledged* in this literature and largely *unsolved*. ---"
B2,"Bend sensors + IMU fusion — Han et al., 2025","Dong Heon Han, Mayank Mehta, Runze Zuo, Zachary Wanger, Daniel Bruder. ""An Enhanced Proprioceptive Method for Soft Robots Integrating Bend Sensors and IMUs."" arXiv:2511.01165v1 [cs.RO], 2025.",https://arxiv.org/abs/2511.01165 — **fetched** `arxiv.org/html/2511.01165`,yes,"The cleanest quantitative treatment of soft-proprioception drift I found. Bend sensors act as a low-frequency absolute reference that anchors IMU integration drift; two linear Kalman filters (orientation, then position) fuse them. All commercial off-the-shelf parts, no vision, no custom fabrication.","12 bend sensors + 6 IMUs; tip position RMSE **16.96 mm = 2.91 % of robot length**; **IMU-only drift ≈ 45° over 900 s**, corrected by the fusion; **56 % RMSE reduction vs IMU-only**; 45 minutes continuous operation without degradation; bend-sensor calibration error 4.72° average RMSE; validated across 3 scenarios (unloaded, external forces applied, obstacle contact).","The most directly buildable proprioception recipe for this project. Two cheap modalities, one Kalman filter, ~3 % length error, and — critically — it was tested *with external forces and obstacle contact applied*, which is the loading condition this robot lives in. Adopt this as the arm-state estimator and spend the saved effort on the skin.","B (hardware, quantified, no human subjects; 2025 preprint, peer-review status unverified)","A continuum arm, not a load-bearing torso; ~3 % error at the scale tested becomes tens of millimetres on a human-scale arm; and 45 minutes is not a duty cycle, it is a demo. The 4.72° bend-sensor calibration error is itself large enough to matter if you need contact-point geometry. ---"
B2,"Intentional vs. unintentional contact — Wong et al., 2024","Christopher Yee Wong, Lucas Vergez, Wael Suleiman. ""Vision- and Tactile-Based Continuous Multimodal Intention and Attention Recognition for Safer Physical Human-Robot Interaction."" *IEEE Transactions on Automation Science and Engineering*, 21:3205–3215, 2024. (Preprint arXiv:2206.11350.)",https://doi.org/10.1109/TASE.2023.3276856 — **fetched** `arxiv.org/abs/2206.11350`; journal venue/volume/pages confirmed via Crossref bibliographic query,partial (preprint on arXiv; journal version paywalled),"The direct answer to the assignment's hardest sub-question. Binary tactile alone cannot tell a deliberate touch from a collision; adding continuously-estimated human gaze and posture does. Multimodal classification is significantly better than either modality alone, and a deliberately reduced 5-feature model generalizes better than the full set.","**F1 = 86 %** for intentional vs. unintentional touch classification; 2 modalities (robot-mounted camera + binary tactile); reduced to 5 features; Baxter platform. Participant count, latency and dataset size not stated in the abstract — **not verified.**","This determines the sensing *stack*, not just the skin. If the robot must distinguish ""patient is leaning on me for support"" from ""patient fell into me,"" tactile alone will not do it and no amount of taxel density fixes that. You need a second modality carrying intent — gaze/posture from a camera is the published route; contact *dynamics* (rise time, dwell duration, force trajectory shape) is the cheaper route this project should test, because a lean is slow and sustained and a collision is fast and transient. 86 % F1 is also a sobering ceiling: this is a hard problem and it is not solved.","B (hardware, real interactions, unverified participant count; not a safety-standard test)","Healthy adults interacting with an industrial cobot, not elderly patients. Gaze-based intent is exactly the feature most likely to fail on the target population — dementia, visual impairment, and post-stroke gaze deficits all break the assumption that a person looks at what they mean to touch. Assume the vision route degrades and build the dynamics-based classifier as primary. ---"
B2,"Contact anticipation — Escobedo et al., 2021","Caleb Escobedo, Matthew Strong, Mary West, Ander Aramburu, Alessandro Roncone. ""Contact Anticipation for Physical Human-Robot Interaction with Robotic Manipulators using Onboard Proximity Sensors."" *2021 IEEE/RSJ International Conference on Intelligent Robots and Systems (IROS)*, pp. 7255–7262, 2021.",https://doi.org/10.1109/IROS51168.2021.9636130 — **fetched** `arxiv.org/abs/2110.11516`; venue/pages confirmed via Crossref,partial (arXiv preprint free),"Proximity sensing used not to *avoid* contact but to *prepare* for it — a dynamic contact-thresholding algorithm that lowers the collision-detection threshold in the region where proximity says contact is imminent, so genuine contact is detected earlier and false positives elsewhere are suppressed.","**none verified** — the PDF did not extract to text and the abstract carries no sensing range, latency or force figures. Franka Emika Panda platform.","The single most useful *idea* for this project's control-sensing interface. An assistive robot expects to be touched, so a system tuned to treat all contact as a fault is wrong. Pre-arming the contact detector where proximity predicts contact is how you get both a low detection threshold (safe) and a low false-alarm rate (usable). It also directly supports the intentional/unintentional split: contact that was *anticipated* by proximity in the approach region is far more likely to be intentional.","B (hardware validated across scenarios, no human-subject or standards test)","Rigid manipulator with reliable model-based collision detection underneath. On a compliant torso the baseline ""expected"" dynamics are much noisier, so the thresholds have to be wider and the benefit shrinks. And its proximity sensors were purpose-built lab hardware. ---"
B2,"Adaptive skin sensitivity under ISO/TS 15066 — Rustler et al., 2024","Lukas Rustler, Matej Misar, Matej Hoffmann. ""Adaptive Electronic Skin Sensitivity for Safe Human-Robot Interaction."" arXiv:2409.06369 [cs.RO], 2024 (revised 2025).",https://arxiv.org/abs/2409.06369 — **fetched** `arxiv.org/abs/2409.06369`,yes,"Compares four strategies for setting protective-skin trigger thresholds on a fully skin-covered cobot, from one static conservative value to a dynamically adapted per-pad threshold, and shows the adaptive setting recovers productivity that the conservative setting throws away — while staying inside the ISO/TS 15066 power-and-force-limiting regime.",UR10e 6-axis arm fully covered; **11 pressure-sensitive AIRSKIN pads**; thresholds adapted at **25 Hz**; framed against ISO/TS 15066 PFL; transient-collision pick-and-place scenario. Specific force thresholds in newtons and reaction times in ms were not extractable from the abstract — **not verified.**,"Answers ""what trigger threshold do I set on the skin,"" which is the question that always gets asked in the design review and never gets a good answer. The point is that a single global threshold is the wrong model: threshold should vary by body region (a torso pad a person is *meant* to lean on needs a totally different trigger than a forearm pad) and by motion state. 11 pads on a whole arm is also a useful sanity check against the 1260-cell fantasy — coarse, safety-rated coverage is a legitimate architecture.","B (hardware on a certified cobot within a standards regime; preprint, no human subjects)","AIRSKIN is a commercial certified safety product with a pneumatic trigger — it is a binary safety switch, not a force sensor, and this project cannot afford it or replicate its certification. The ISO/TS 15066 PFL framing also assumes a rigid robot whose stopping behaviour is characterized, which a compliant torso is not. ---"
B2,"Sensing in soft robotics (review) — Hegde et al., 2023","Chidanand Hegde, Jiangtao Su, Joel Ming Rui Tan, Ke He, Xiaodong Chen, Shlomo Magdassi. ""Sensing in Soft Robotics."" *ACS Nano*, 17(16):15277–15307, 2023.",https://doi.org/10.1021/acsnano.3c04089 — **fetched** the PMC record `pmc.ncbi.nlm.nih.gov/articles/PMC10448757/`; Crossref-confirmed,partial (PMC record accessible),"Broad materials-side review of resistive/piezoresistive, capacitive, optical, triboelectric and magnetic soft sensing, with integration and signal-processing strategies.","scattered rather than systematic — screen-printed resistive curvature sensor **hysteresis 17 %**; PEDOT:PSS hydrogel strain sensor **hysteresis < 1.5 %**; hydrogel strain sensors to 300 % stretch; optical strain sensors 0–120 % range with small hysteresis under cyclic loading. It explicitly lacks a side-by-side table of resolution, drift and sensitivity across modalities — which is itself a finding about the state of the field.","The one-stop citation for justifying a transducer-material choice in the report. The 17 % vs 1.5 % hysteresis spread is the number that matters: material choice moves hysteresis by an order of magnitude, and hysteresis is what kills sustained-force measurement on a soft link. Optical waveguide sensing (low hysteresis, chemically inert) is the honest recommendation if force magnitude from the soft link is a hard requirement; resistive nanocomposite is the honest recommendation if it is not.",D (review),"A materials-science review, not a robotics one. Nearly every cited transducer was characterized on a coupon in a tensile tester, not on a load-bearing structure, and none were tested for the multi-month stability a deployed assistive robot needs. --- Build **coarse, cheap, multimodal skin plus one good proprioceptive estimator, and get your force magnitude from somewhere other than the soft surface.** Concretely: 3 cm-class capacitive taxels on the CushSense pattern (~$7 each, open-sourced, human-comfort-validated, 100–400 Hz) over the contact regions a person actually touches — outer forearms, upper arms, front and sides of the torso — at perhaps 30–60 channels total, not 200 and absolutely not 1260. Add a self-capacitance proximity layer on the same substrate for a 15–25 cm approach envelope (GenTact-Prox shows this is achievable with a 3D printer and an ESP32 for under $25 a unit), and accept that per-sensor range varies 7× so every channel needs individual calibration. For limb state, copy Han et al.: bend sensors plus IMUs through a two-stage Kalman filter got ~3 % of length position error *while external forces were applied*, which is exactly your load case, and it is all off-the-shelf. Do **not** try to measure sustained assistive force through the soft skin — Maiolino's 78-minute relaxation constant and the field's 5–17 % hysteresis range mean a leaned-on capacitive taxel lies about magnitude within a minute; put a real load cell or joint torque sensor in the base and the shoulder and let the skin report only *where* and *when*. Over-reach for a two-semester timeline: whole-body self-organizing skin networks, a QP whole-body tactile controller, learned FEM-based shape estimation, an intrinsic joint-torque-only touch sense, and any attempt at safety certification. The intentional-versus-unintentional problem is the one place you should spend real thought rather than buy a solution: the published multimodal gaze-plus-tactile ceiling is 86 % F1 on healthy young adults, and gaze is the exact feature that fails on stroke and dementia patients — so build the classifier on contact *dynamics* instead (a lean is a slow ramp to a sustained plateau; a collision is a millisecond-scale transient followed by decay), state plainly in the report that this is an unvalidated design hypothesis, and put a rise-time/dwell-duration test in the test plan so the design review has data rather than a claim. One thing this literature will not give you and you must not pretend it did: nobody has published a tactile skin under a 200 N sustained human lean on a compliant trunk, so that is your own characterization experiment and it belongs on the schedule."
C1,"ISO/TS 15066 — ISO, 2016","ISO/TS 15066:2016, *Robots and robotic devices — Collaborative robots*. International Organization for Standardization, Geneva, 1st edition, 2016-02-15. 33 pp. ICS 25.040.30.","https://www.iso.org/standard/62996.html (catalogue; Cloudflare-blocked to automated fetch). Full text I actually fetched and extracted verbatim: `https://www.diag.uniroma1.it/deluca/pHRI_elective/ISO_TS_15066_2016_en.pdf`. Metadata (33 pages, status, price) cross-verified at https://genorma.com/en/standards/iso-ts-15066-2016 (fetched).","No. EUR 179 ex-VAT / EUR 216.59 inc-VAT (genorma, VERIFIED). The course-page PDF is a single-user licence copy and its hosting is likely not authorised — **buy a copy or pull it through NYU library before citing it in the report.** Status is `90.92 — Standard to be revised`, still Published (VERIFIED).","The only document in the whole standards landscape that publishes an actual table of per-body-region contact force and pressure limits, plus a two-body inelastic-impact model that converts those limits into an energy budget and then into a maximum relative speed.","- **Table A.2, quasi-static contact — max permissible pressure p_s (N/cm²) and force (N), verbatim, VERIFIED.** Force is per *body region*; pressure is per *specific body area*. | Body region | Force (N) | Specific area | p_s (N/cm²) | |---|---|---|---| | Skull and forehead (critical) | 130 | Mid-forehead / Temple | 130 / 110 | | Face (critical) | 65 | Masticatory muscle | 110 | | Neck | 150 | Neck muscle / 7th cervical | 140 / 210 | | Back and shoulders | 210 | Shoulder joint / L5 | 160 / 210 | | Chest | 140 | Sternum / Pectoral | 120 / 170 | | Abdomen | 110 | Abdominal muscle | 140 | | Pelvis | 180 | Pelvic bone | 210 | | Upper arms & elbow | 150 | Deltoid / Humerus | 190 / 220 | | Lower arms & wrist | 160 | Radial bone / Forearm muscle / Arm nerve | 190 / 180 / 180 | | Hands and fingers | 140 | Forefinger pad D/ND 300/270; end joint D/ND 280/220; thenar 200; palm D/ND 260/260; back of hand D/ND 200/190 | | | Thighs and knees | 220 | Thigh muscle / Kneecap | 250 / 220 | | Lower legs | 130 | Shin / Calf | 220 / 210 | - **Transient multiplier = 2** for both force and pressure, all regions except skull/forehead and face, where transient is **""not applicable""** (VERIFIED). Clause 5.5.5.3: *""Contact exposure to sensitive body regions, including the skull, forehead, larynx, eyes, ears or face shall be prevented whenever reasonably practicable""* (VERIFIED, verbatim). - **Table A.3 — effective spring constant k (N/mm) / effective mass m_H (kg), VERIFIED:** skull 150/4,4 · face 75/4,4 · neck 50/1,2 · back-shoulders 35/40 · chest 25/40 · abdomen 10/40 · pelvis 25/40 · upper arm 30/3 · lower arm 40/2 · hands 75/0,6 · thighs-knees 50/75 · lower legs 60/75. k valid for ~1 cm² contact area. - **Table A.4 — max transferred energy (J), VERIFIED:** skull 0,23 · face 0,11 · neck 0,84 · back-shoulders 2,5 · chest 1,6 · abdomen 2,4 · pelvis 2,6 · upper arm 1,5 · lower arm 1,3 · hands 0,49 · thighs-knees 1,9 · lower legs 0,52. - **Formulae, VERIFIED:** E = F²/2k = A²p²/2k (A.1); μ = (1/m_H + 1/m_R)⁻¹ (A.3); m_R = M/2 + m_L (A.4); v_rel = F/√(μk) = pA/√(μk) (A.5). - **Provenance of the numbers, VERIFIED verbatim from footnotes a and b:** pressures come from *""the study conducted by the University of Mainz on pain onset levels… 100 healthy adult test subjects on 29 specific body areas""*, reported as the **75th percentile**, peak pressures averaged at 1 mm² resolution, using a **flat 1,4 × 1,4 cm metal test surface with 2 mm edge radius**. The standard itself says the values *""are the result of a single study in a subject area that has not been the basis of extensive research""* and *""there is a possibility that another test apparatus could yield different results.""* The **forces** come from a separate literature survey (BG/BGIA U 001/2009e) *""referring to 188 sources""*, anchored to *""the lowest energy transfer criteria that could result in a minor injury, such as a bruise, equivalent to a severity of 1 on the Abbreviated Injury Scale""*, and the standard states they *""will be replaced in future by values from a research more specific for collaborative robots.""* - **Scope, VERIFIED verbatim:** *""It does not apply to non-industrial robots, although the safety principles presented can be useful to other areas of robotics.""*","This is the numeric backbone. It is where every force, pressure and energy target in the test campaign comes from, and clause 5.5.5.3 is what forbids the arms from being able to reach a seated user's head or throat at all.",A — limits rest on a 100-subject human study and a standardised algometer method.,"Three that matter here. (1) **Scope**: by its own words it does not apply to this device; importing it is an argument, not a compliance claim. (2) **Population**: ""100 healthy adult test subjects"", German working-age, healthy, excluded pre-existing conditions — nothing about frail elderly skin, osteoporotic ribs, anticoagulant-related bruising, or steroid-thinned skin. (3) **The forces are not measurements at all** — they are a literature-survey estimate from 188 mixed sources, which the standard flags as provisional. Note also an apparent typo in the source document: Table A.1 lists area 5 as ""Seventh neck vertebra"" while Table A.2 renders it ""Seventh neck muscle"". ---"
C1,"ISO 13482 — ISO, 2014","ISO 13482:2014, *Robots and robotic devices — Safety requirements for personal care robots*. International Organization for Standardization, Geneva, 1st edition, 2014. 79 pp (EN) / 93 pp (FR).","https://www.iso.org/standard/53820.html (403 to automated fetch). Metadata fetched from https://genorma.com/en/standards/iso-13482-2014 — status Published, 79 pages, EUR 204 ex-VAT / EUR 246.84 inc-VAT (VERIFIED).",No. ~EUR 204–247 / ~USD 232 (ANSI webstore listing exists at https://webstore.ansi.org/Standards/ISO/iso134822014 but returns 403 to automated fetch — price UNVERIFIED). Check NYU library: NYU subscribes to several standards platforms; ISO via IHS/Techstreet is the likely route. Worth 20 minutes with a librarian before spending EUR 204.,"The standard that actually governs a freestanding, non-medical, earthbound assistive robot that physically supports a person. It defines three types — mobile servant robot, **physical assistant robot**, and person carrier robot — and explicitly excludes industrial robots (→ ISO 10218) and medical devices.","**Essentially none for contact safety, and this is the central finding of C1.** It sets a 20 km/h travel-speed exclusion boundary (VERIFIED via search result text) but publishes **no force, pressure, or energy limit tables**. Secondary sources consistently report the standard's own note that for impact/collision hazards *no exhaustive, internationally recognised pain or injury data existed at the time of publication* — I could **not** fetch a page rendering that sentence verbatim, so treat that quotation as **UNVERIFIED** and confirm it against clause text once you have the PDF. Everything else is delegated to ISO 12100-style risk assessment.","This is the standard the design review should name as governing. It gives the team the *structure* of the safety argument (hazard identification, risk reduction, verification) and the device classification ""physical assistant robot"" — but it hands back no number, which is precisely why ISO/TS 15066 has to be imported.","D — normative document, no underlying dataset of its own.","No quantitative contact limits at all; relies on the integrator to justify their own thresholds. It is also a 2014 document written before ISO/TS 15066 existed, and a `prEN ISO 13482` revision is in progress under a broader ""service robots"" title — check its status before freezing the report, because the numbers landscape may change under you. Supplementary guidance exists as ISO/TR 23482-2:2019. ---"
C1,"IEC 80601-2-78 — IEC/ISO, 2019 (+ Amd 1:2024)","IEC 80601-2-78:2019, *Medical electrical equipment — Part 2-78: Particular requirements for basic safety and essential performance of medical robots for rehabilitation, assessment, compensation or alleviation*. Edition 1.0, published 2019-07-09. Amendment 1:2024 published 2024-03-12.","https://webstore.iec.ch/en/publication/33594 — **fetched successfully**, this is the page I verified title, date, edition, price and scope from.",No. **CHF 380** (VERIFIED from the IEC webstore page).,"The particular standard for RACA robots — robots that physically interact with an impaired patient to support or perform rehabilitation, assessment, compensation or alleviation of movement function. It layers on top of IEC 60601-1.","Scope and exclusions VERIFIED verbatim from the fetched page: applies to *""MEDICAL ROBOTS that physically interact with a PATIENT with an IMPAIRMENT to support or perform REHABILITATION, ASSESSMENT, COMPENSATION or ALLEVIATION related to the PATIENT'S MOVEMENT FUNCTIONS""*; **does not apply to** external limb prosthetics (ISO 22523), electric wheelchairs (ISO 7176), diagnostic imaging (IEC 60601-2-33), or **personal care robots (use ISO 13482)**. I did not obtain the clause text, so any specific force/torque/ROM limit inside it is **UNVERIFIED** — do not assume it contains a contact-force table.","This is the fork in the road. The moment the team describes the device as delivering *therapy* to *patients*, it becomes a medical device and this standard governs instead of ISO 13482 — with a full IEC 60601-1 burden attached. If the device is described as *assistance with daily activity*, ISO 13482 governs. The project brief says ""elderly and rehabilitation patients"", which straddles the line. **Pick one and write it into the requirements document in week one**, because the two paths have different verification costs.",D — normative document.,"The mutual exclusion is the problem: 80601-2-78 punts personal care robots to ISO 13482, and ISO 13482 punts medical devices to the medical framework. A device that is both lands in a genuine gap, and neither branch hands you a contact-force number. ---"
C1,"ISO 10218-1 / -2 — ISO, 2025","ISO 10218-1:2025, *Robotics — Safety requirements — Part 1: Industrial robots*, 104 pp; and ISO 10218-2:2025, *Robotics — Safety requirements — Part 2: Industrial robot applications and robot cells*. Both published 2025, superseding the 2011 editions.",https://www.iso.org/standard/73933.html and https://www.iso.org/standard/73934.html (403 to fetch). Status and metadata fetched from https://genorma.com/en/standards/iso-10218-1-2025 and `.../iso-10218-2-2025`; change summary fetched from https://www.therobotreport.com/iso-10218-industrial-robot-safety-standard-receives-major-overhaul/.,"No. ISO 10218-1:2025 EUR 227 ex-VAT / EUR 274.67 inc-VAT, 104 pp (VERIFIED, genorma). USD 244 for US customers (VERIFIED, The Robot Report).","The 2025 overhaul folded the collaborative-robot content formerly in ISO/TS 15066 into ISO 10218 itself, dropped the terms ""collaborative operation"" and ""collaborative robot"", added functional-safety and cybersecurity requirements, and introduced robot classes (Class I for very low-hazard robots with reduced control requirements, roughly PL b).","Publication status VERIFIED: both 2025 parts are `60.60 Standard published`; both 2011 editions are `WITHDRAWN`. ISO/TS 15066:2016 is **not** withdrawn — it sits at `90.92 Standard to be revised`, still Published (VERIFIED, genorma). Whether the Annex A biomechanical tables were carried into ISO 10218-2:2025 **unchanged, revised, or renumbered is UNVERIFIED** — I could not fetch clause text. **This is the single most important open item in C1.** If the team is going to cite a number in a design review in 2026, someone has to open ISO 10218-2:2025 and check whether Table A.2 still says 140 N for the chest.","Sets the citation hygiene for the report. Citing ""ISO/TS 15066"" in 2026 without acknowledging the 2025 consolidation will get flagged by any reviewer who follows robot safety.",D — normative document.,"Industrial scope. It governs industrial robots and their applications, not a freestanding personal care device, so it is even further from this project than TS 15066 was. ---"
C1,"ISO 14971 — ISO, 2019","ISO 14971:2019, *Medical devices — Application of risk management to medical devices*. 3rd edition, 2019. 36 pp.",https://www.iso.org/standard/72704.html (403 to fetch). Metadata fetched from https://genorma.com/en/standards/iso-14971-2019.,"No. EUR 196 ex-VAT / EUR 237.16 inc-VAT, 36 pp (VERIFIED, genorma). ANSI/AAMI/ISO 14971:2019 listed at USD 343 (UNVERIFIED — from search-result text, the ANSI page 403'd).","The process standard for identifying hazards, estimating and evaluating risk, implementing controls, evaluating residual risk, and performing benefit–risk analysis across the device lifecycle. The 2019 edition strengthened benefit–risk analysis and post-production surveillance.",None. It is deliberately process-only — it specifies no acceptability thresholds and leaves the criteria to the manufacturer's risk management policy.,"This is the *machinery* by which the team is allowed to import ISO/TS 15066 numbers into a device that TS 15066 says it does not cover. The argument is: identify the contact hazard, select a threshold with a documented rationale, justify the choice, verify by test, and record residual risk. Without a 14971-shaped risk file, ""we designed to 140 N because ISO/TS 15066 says so"" is an assertion; with one, it is a controlled decision.",D — process standard.,"Gives no number and will never give a number. It also formally applies to medical devices; if the team goes the ISO 13482 route, the equivalent machinery is ISO 12100 risk assessment, though 14971's benefit–risk structure is still the better template for a patient-contacting device. ---"
C1,"Behrens 2021 — Behrens, Pliske, Umbreit, Piatek, Walcher & Elkmann, 2021","Behrens, R., Pliske, G., Umbreit, M., Piatek, S., Walcher, F., & Elkmann, N. (2021). A statistical model to determine biomechanical limits for physically safe interactions with collaborative robots. *Frontiers in Robotics and AI*, 8, 667818.",https://doi.org/10.3389/frobt.2021.667818 — fetched both https://www.frontiersin.org/articles/10.3389/frobt.2021.667818/full and https://pmc.ncbi.nlm.nih.gov/articles/PMC8850785/ (overlapping rows agreed).,"Yes, fully. Frontiers + PMC.","The Fraunhofer IFF / Magdeburg experimental verification that ISO/TS 15066 explicitly anticipated in its own footnotes. 112 subjects, both **pinching (quasi-static)** and **pendulum impact (transient)** loading, producing a statistical model for 75th-percentile limits. Its headline result is that the existing standard values are non-conservative for the torso.","**112 subjects** in five groups (G1 41 [13F/28M], G2 20 [6F/14M], G3 20 [10F/10M], G4 20 [10F/10M], G5 control 11 [5F/6M]); **age 16–67**, group means 36.3–41.9; **28 body locations**; neck muscle omitted for safety. Pinching at 1 mm/s via algometer; impact via pendulum at **6.5 kg and 16.5 kg**; semi-sharp probe **1.96 cm²** and blunt 30 mm foam. Proposed limits at 75th percentile assuming a 70 %-male population, as *pinch pressure (N/cm²) / pinch force (N) / impact pressure (N/cm²) / impact force (N)*: forehead 110/110/180/150 · temple 50/60/70/90 · masticatory 40/40/50/70 · C7 70/50/170/70 · shoulder joint 60/60/100/100 · L5 60/110/200/180 · sternum 50/80/80/110 · pectoral 50/60/70/110 · abdominal 50/60/60/90 · pelvic bone 140/90/270/140 · deltoid 70/100/100/110 · humerus 50/70/130/150 · radial bone 70/100/170/180 · forearm muscle 50/100/140/170 · arm nerve 60/80/130/140 · forefinger pad 70/150/240/390 · forefinger DIP 150/160/490/370 · thenar 60/120/180/260 · palm 60/150/280/330 · back of hand 170/150/470/250 · thigh 70/140/160/200 · kneecap 110/160/260/270 · shin 130/150/370/260 · calf 70/130/180/260. Authors' verdict, VERIFIED: *""Most of the limits in ISO/TS 15066 are preliminary, since they are based on unverified data from a literature survey.""*","**This is the paper that should set the torso numbers, not ISO/TS 15066.** For every region this project actually contacts, Behrens is lower: sternum 50 vs 120 N/cm²; shoulder joint 60 vs 160 N/cm²; L5 60 vs 210 N/cm²; deltoid 70 vs 190 N/cm². A torso designed to the ISO chest pressure would be roughly **2.4× over** the experimentally measured pain-onset pressure. Design to Behrens, cite ISO as the standard, and state the delta explicitly in the report — that reads as rigour, not as deviation.","A — 112 human subjects, both loading modes, statistical model.","Working age only, **16–67**, explicitly excluding older adults; no age-decade stratification published; the 70 %-male weighting is a workforce assumption that does not describe an elderly care population; authors stress limits are valid *only at the tested locations*, not across whole regions. Because I read Table 8 through an extraction layer, re-check the rows you put in the spec against the published table. ---"
C1,"Melia 2019 — Melia, Geissler, König, Ottersbach, Umbreit, Letzel & Muttray, 2019","Melia, M., Geissler, B., König, J., Ottersbach, H. J., Umbreit, M., Letzel, S., & Muttray, A. (2019). Pressure pain thresholds: Subject factors and the meaning of peak pressures. *European Journal of Pain*, 23(1), 167–182.","https://doi.org/10.1002/ejp.1298 (Wiley 403'd). Abstract fetched verbatim via NCBI E-utilities, PMID 30076659.",No (Wiley paywall). Abstract free via PubMed; NYU almost certainly has EJP through Wiley Online Library.,"The peer-reviewed publication of the Mainz work that produced the ISO/TS 15066 pressure table. Its finding is methodological and awkward for the standard: pressure under the algometer probe is **not uniform**, peak pressures at the probe corners and over bone are what appear to drive pain onset, and conventional algometers report mean pressure — so the probe, indentation depth and tissue properties materially change the number.","**100 healthy subjects (57 men), age 18–66**, **29 body sites**, each measured 3× non-consecutively in randomised order; **40 subjects were manual labourers**. Men and manual labourers had **higher** adjusted thresholds (both force and pressure). Authors flag *""higher intra-individual differences regarding peak pressures at the spinous processes, breastbone, forehead and abdomen""* — caution advised interpreting those sites. Per-site threshold values are in the full text, not the abstract, and are therefore **UNVERIFIED** here; the ISO Table A.2 pressures are the 75th-percentile derivative of this dataset.","Two direct consequences. (1) Sample size and demographics for the standard's pressure column are now pinned: 100 subjects, 18–66, 57 % male — cite this, not the standard's footnote, when a reviewer asks ""how many people?"". (2) The **breastbone and abdomen are named as the least reproducible sites**, and those are exactly where a person leaning on this torso makes contact. Contact-area design and pressure-measurement-film methodology matter more than the force number for this project.","A — 100 human subjects, standardised algometry, repeated measures.","Healthy adults, upper bound 66 years, German occupational cohort; the manual-labourer effect shows thresholds track skin and tissue conditioning, which cuts the wrong way for frail users. The peak-vs-mean pressure finding implies the ISO numbers are apparatus-specific — a soft robot's compliant contact patch will have a completely different pressure distribution than a 1.4 × 1.4 cm rigid metal probe. ---"
C1,"Park 2019 — Park, Han, Lim, Shin, Byun, Kim & Rhim, 2019","Park, M. Y., Han, D., Lim, J. H., Shin, M. K., Byun, Y. R., Kim, D. Y., & Rhim, S. (2019). Assessment of pressure pain thresholds in collisions with collaborative robots. *PLoS ONE*, 14(5), e0215890.",https://doi.org/10.1371/journal.pone.0215890 — fetched https://pmc.ncbi.nlm.nih.gov/articles/PMC6497239/.,"Yes, fully (PLoS ONE + PMC).","An independent, non-German replication of pressure-pain-threshold measurement for cobot contact, and the first to report an explicit age effect within the working-age band.","**90 healthy males**, age **20–50** (mean 28.9), weight 72.8 ± 11.9 kg, height 174.8 ± 5.6 cm; **15 sites**. PPT range **65.1–196.1 N/cm²**. Highest: back of hand 196.1 ± 85.8. Lowest: **arm nerve 65.1 ± 22.6**. Moderate band 100–120 N/cm² at forehead, neck muscle, thenar, shin. Age effect: participants **under 30 had thresholds 3–33 % lower** than those over 30, largest at C7 (32.1 %), shoulder joint (31 %), neck muscle (29.4 %).","Two things. (1) The **standard deviations are enormous** — ±85.8 on a mean of 196.1 is a coefficient of variation near 44 %. Any design margin computed against a mean is meaningless; the team must design against a low percentile and say which. (2) The arm-nerve result, 65.1 N/cm² mean measured against 180 N/cm² in ISO Table A.2, is a **~2.8× discrepancy** in the region the arms will contact most. It corroborates Behrens' direction.",A — 90 human subjects.,"**All male**, so no sex effect can be estimated; age capped at 50, so it says nothing about 75-year-olds; Korean cohort with different body composition from the German cohorts; mean ± SD reported rather than the 75th percentile the standard uses, so the comparison to Table A.2 is not apples-to-apples and should be stated as directional. ---"
C1,"Han 2022 — Han, Park, Choi, Shin, Kim & Rhim, 2022","Han, D., Park, M., Choi, J., Shin, H., Kim, D., & Rhim, S. (2022). Assessment of pain onset and maximum bearable pain thresholds in physical contact situations. *Sensors*, 22(8), 2996.","https://doi.org/10.3390/s22082996 (MDPI 403'd). Fetched https://pmc.ncbi.nlm.nih.gov/articles/PMC9030557/ for the tables; abstract verified verbatim via NCBI E-utilities, PMID 35458981, PMCID PMC9030557.","Yes, fully (MDPI + PMC).","Separates **pain onset** from **maximum bearable pain** at 29 body locations under quasi-static algometric loading — the only source here that quantifies the headroom between ""this hurts"" and ""I cannot tolerate this"".","**40 healthy males, age 20–29**, weight 72.0 ± 12.15 kg, height 173.6 ± 5.80 cm, BMI 23.82 ± 3.31; **29 locations**; third-quartile values. As *onset force (N) / onset pressure (N/cm²) / max-bearable force (N) / max-bearable pressure (N/cm²)*: forehead 111.4/61.0/412.7/291.7 · neck muscle 56.7/72.8/226.3/411.5 · sternum 49.9/39.4/246.2/179.0 · deltoid 59.4/60.6/306.9/387.2 · forefinger pad 138.7–156.9/107.1–135.1/509.9–529.0/355.3–370.9 · thigh 87.1/70.8/261.0/266.8 · shin 93.9/86.5/384.1/340.9. Ratio of max-bearable to onset is roughly **3–5×**. Authors state pain-onset results were **lower than the ISO/TS 15066 PFL limits**, while max-bearable exceeded them.","Sets the safety-margin architecture. Design the **normal operating envelope below pain onset** (~40–60 N/cm² on the sternum, not 120), and treat the region between onset and max-bearable as the fault-tolerance band the single-fault condition may enter briefly. It also gives a third independent confirmation that the ISO sternum pressure is too high: 39.4 N/cm² measured onset versus 120 N/cm² in Table A.2 is roughly **3×**.",A — 40 human subjects.,"Smallest and narrowest cohort here — **40 males, all in their twenties**. Quasi-static only, no impact. ""Maximum bearable pain"" in a healthy 25-year-old volunteer who can stop the test at any moment has no defensible relationship to what is tolerable or safe for a frail 80-year-old who may not be able to withdraw, communicate, or perceive the load. **Do not use the max-bearable column as a design limit.** ---"
C1,"Haddadin 2007 (crash-testing) — Haddadin, Albu-Schäffer & Hirzinger, 2007","Haddadin, S., Albu-Schäffer, A., & Hirzinger, G. (2007). Safety evaluation of physical human-robot interaction via crash-testing. In *Robotics: Science and Systems III*, pp. 217–224. MIT Press.",https://www.roboticsproceedings.org/rss03/p28.pdf — **fetched and extracted verbatim**. https://doi.org/10.15607/RSS.2007.III.028,"Yes, fully (RSS proceedings are free).","The foundational experiment: a DLR LWR III driven into a Hybrid III dummy at an ADAC automotive crash-test facility, evaluating the full EuroNCAP severity index battery. The result that reframed the field is that the robot scores *trivially* low on automotive metrics — which is a finding about the metrics, not a clean bill of health for robots.","LWR III **14 kg**, 7 DOF, reflected mass **≈ 4 kg at the TCP**; **1 kg aluminium impactor**; TCP velocities **{0.2, 0.7, 1.0, 1.5, 2.0} m/s**; Hybrid III 50th-percentile male dummy; all indices computed independently by ADAC. **HIC36 limit 650**, corresponding to a **5 % probability of AIS ≥ 3**; head acceleration criterion **a_3ms ≤ 72 g**. Measured: **HIC36 below 25 at 2 m/s**; a_3ms reached **less than 20 % of the 72 g limit** at 2 m/s. HIC **saturates with increasing robot mass** at each impact velocity — simulated to 10 m/s and to large masses, increasing robot mass does not raise HIC further.","Kills the temptation to certify this project with a HIC number. If a 14 kg rigid-link industrial-grade arm cannot get HIC36 above 25 at 2 m/s, a compliant soft torso will produce a number so far below threshold that it proves nothing. **Do not put HIC in the test plan as the acceptance criterion** — a reviewer who knows this literature will read it as metric-shopping. Use force, pressure and energy.","A — standardised crash-test protocol, certified facility, instrumented ATD.","Stated in the paper's own footnote 11, VERIFIED verbatim: *""the presented evaluation is carried out for average male dummies and not for females or children. For such an analysis further tests with specially designed female or child dummies would be necessary.""* No elderly ATD exists at all. The paper also explicitly scopes itself to **free blunt impact** and excludes **clamping** — and clamping against a fixed structure is the dominant hazard for a freestanding torso a person leans on. ---"
C1,"Haddadin 2012 (injury knowledge) — Haddadin, Haddadin, Khoury, Rokahr, Parusel, Burgkart, Bicchi & Albu-Schäffer, 2012","Haddadin, S., Haddadin, S., Khoury, A., Rokahr, T., Parusel, S., Burgkart, R., Bicchi, A., & Albu-Schäffer, A. (2012). On making robots understand safety: Embedding injury knowledge into control. *The International Journal of Robotics Research*, 31(13), 1578–1602.",https://doi.org/10.1177/0278364912462256 (SAGE 403'd). Full PDF **fetched and extracted verbatim** from http://www.diag.uniroma1.it/~deluca/pHRI_elective/IJRR12_EmbeddingInjuryinControl_Haddadin_etal.pdf,No at publisher; author/course copy freely readable.,"Replaces automotive indices with a directly measured map from (reflected inertia, velocity, contact geometry) → medically classified injury, built from porcine impact experiments and medically graded by AO classification, then compiled into a real-time velocity-shaping controller (the Safe Motion Unit).","**276 impact tests** on fresh pig abdominal wall samples. Impactors: wedge 45° r = 0.2 mm 2.7 kg; small sphere r = 5 mm 2.1 kg; large sphere r = 12.5 mm 2.2 kg; plus a Torx T45 bit. Velocities **0.5, 1.0, 1.5, 2.0, 2.5, 3.0, 3.5, 4.0 m/s**; impactor masses **≈ 2, 4, 6, 8, 10 kg**. Injury scales: closed skin IC1–IC5, open skin IO1–IO5, muscle/tendon MT1–MT3, nerve/vessel NV. Key thresholds, verbatim: *""safety can only be guaranteed with velocities < 2 m/s and < 6 kg""* (small sphere, which pierces skin at low velocity and weight); *""The maximum velocity should not exceed 1.5 m/s and with additional weights the velocity must be reduced below 1.0 m/s""*; wedge damage requires *""weights above 8 kg and impact velocities of at least 3.0 m/s""*; for the Torx, *""cutaneous defects at < 1.0 m/s and impact mass < 8 kg could not be observed""* and *""at an impactor weight of > 6 kg, muscle damage can be definitely excluded only at velocities < 0.5 m/s""*. Design framing: reflected inertia of interactive robots is stated as **1–15 kg**, and an interactive robot *""should certainly not move faster than 4–5 m/s""*; v_max(m) is a regression line, limited between **0.1 and 4.5 m/s**.","Supplies the **velocity ceiling** and proves the point the soft-robotics pitch depends on: **geometry dominates**. A 5 mm sphere pierces skin where a 12.5 mm sphere and a 45° wedge do not, at identical mass and velocity. That is the quantitative justification for the arm's end-effector and any exposed hardware to be large-radius and padded, and it converts ""soft is safe"" from a slogan into a radius requirement. Adopt **≤ 1.5 m/s** as the arm-tip velocity cap, dropping to **≤ 1.0 m/s** if reflected inertia exceeds ~6–8 kg.","B — hardware-validated on biological tissue, no human subjects.","Authors' own caveat, VERIFIED verbatim: non-vital tissue *""lacks numerous characteristics, such as muscle tension, skin pre-stretch, and the possibility of reacting or evading""*, and cannot show haemorrhage, pain, or neurologic deficit. Pig abdominal wall is a reasonable analogue for young adult human skin and a **poor** analogue for atrophic elderly dermis. Free impact, not clamping. ---"
C1,"El Tumi 2017 — El Tumi, Johnson, Dantas, Maynard & Tashani, 2017","El Tumi, H., Johnson, M. I., Dantas, P. B. F., Maynard, M. J., & Tashani, O. A. (2017). Age-related changes in pain sensitivity in healthy humans: A systematic review with meta-analysis. *European Journal of Pain*, 21(6), 955–964.","https://doi.org/10.1002/ejp.1011 (Wiley 403'd). Abstract fetched verbatim via NCBI E-utilities, PMID 28230292.",No (Wiley). Abstract free; NYU should have EJP.,"**The elderly-population gap, quantified.** Pooled meta-analysis of pain threshold across the lifespan in healthy pain-free humans, with pressure and heat analysed separately — and they diverge.","**12 studies**, individual sample sizes **30–244**. Seven of nine adult studies found significant old-vs-young differences but *""the direction of change was inconsistent""*. Meta-analysis result: **pressure pain threshold was LOWER in old adults than younger adults, p = 0.018, I² = 60.970 %**. **No difference** in contact heat pain thresholds (p = 0.0001, I² = 90.23 %). Old adults defined as mean 62.2 ± 3.4 to 79 ± 4 years; younger 22 ± 1.5 to 39.1 ± 8.8. Methodological quality high, low publication bias, but *""substantial statistical and methodological heterogeneity""*.","**This is the citation that justifies a safety factor on top of ISO/TS 15066 for this project's user population.** Older adults are *more* sensitive to mechanically evoked pain, and every number in ISO/TS 15066, Behrens, Melia, Park and Han was measured on people younger than the intended users. The team should apply an explicit, documented de-rating factor to the imported limits and cite this meta-analysis as the basis. Note also that it directly contradicts Park's within-working-age finding that under-30s had lower thresholds — the age curve is not monotonic, and the team should not extrapolate Park's trend past 50.",A — meta-analysis of human-subject data (not a narrative review).,"Authors call the evidence *""tentative""*; I² ≈ 61 % is substantial heterogeneity; the pooled effect is reported as a p-value in the abstract without an effect size, so **the magnitude of the de-rating is UNVERIFIED** — the team must read the full text to extract an SMD before choosing a numeric factor. Healthy pain-free elderly only, which excludes exactly the comorbid rehabilitation population this device targets. ---"
C1,"Paez-Granados 2022 — Paez-Granados & Billard, 2022","Paez-Granados, D., & Billard, A. (2022). Crash test-based assessment of injury risks for adults and children when colliding with personal mobility devices and service robots. *Scientific Reports*, 12, 5285.",https://doi.org/10.1038/s41598-022-09349-9 — fetched https://pmc.ncbi.nlm.nih.gov/articles/PMC8960768/,"Yes, fully.","The modern counterpart to Haddadin 2007, but for **service robots at service-robot masses** — and it reaches the opposite conclusion, because 60–133 kg of robot is a completely different hazard from a 14 kg arm. Serious-injury probabilities are exceeded within normal service-robot operating speeds.","Dummies: **Q3 child** (1.05 m, 15 kg, 3–5 yr) and **Hybrid III 50th-percentile adult male** (1.8 m, 81.5 kg). Masses: mobile service robot **60 kg**, personal mobility device **133 kg** including passenger. Speeds **1.0, 1.5, 3.1 m/s**. At 3.1 m/s: child **HIC15 = 549 → 14 % probability of AIS3+**, against a 5 % acceptable threshold; child peak upper-neck tension **1.44 kN** in extension; child chest deflection **23.4–27.6 mm → 50.8 % (PMD) and 32.4 % (MSR) probability of AIS3+**; adult **33 % probability of tibial fracture**. Modelled **5 % skull-fracture cut-off for children 3–12 reached at 1.41 m/s**. Mitigation conclusion: keep differential impact speed **below 1.5 m/s** or use absorbent materials.","The mass counter-argument. Haddadin's ""robots are basically safe"" result holds for a 14 kg arm with 4 kg reflected inertia; it does **not** hold for a freestanding torso whose base, battery and structure may total tens of kilograms. If this torso can translate or tip, its whole mass is in play, and **tip-over onto a seated or supine user is a credible AIS3+ hazard that the ISO/TS 15066 arm-contact numbers do not cover at all.** This paper independently lands on the same **≤ 1.5 m/s** ceiling as Haddadin 2012.",A — standardised crash tests with certified ATDs.,"Child and 50th-percentile-male adult dummies only; **no elderly ATD** — and elderly thoracic injury tolerance is materially lower than a Hybrid III represents. Whole-body collision from a mobile device, not arm contact, so the numbers transfer to the tip-over and base-collision hazards rather than to the arms. ---"
C1,"Abidi 2017 — Abidi & Cianchetti, 2017","Abidi, H., & Cianchetti, M. (2017). On intrinsic safety of soft robots. *Frontiers in Robotics and AI*, 4, 5.",https://doi.org/10.3389/frobt.2017.00005 — fetched https://www.frontiersin.org/journals/robotics-and-ai/articles/10.3389/frobt.2017.00005/full,"Yes, fully.","A position paper arguing that *""calling soft robots intrinsically safe, although generally true, carries some reservations""* — the hazards migrate rather than disappear, into stored elastic energy, pneumatic pressure, material failure and whiplash-type effects.","Robots below **2 m/s** treated as safe for pHRI largely independent of mass; typical soft-actuator operating pressure **2 bar**, up to **8–10 bar**; worked example of **8 bar through a 0.5 mm hole → 0.157 N**, below fracture risk but hazardous to sensitive tissue; eye penetration at **0.02 bar** via a 23-gauge needle; soft material elastic modulus roughly **10×** lower than rigid robot structure. **It does not critique HIC or ISO/TS 15066 explicitly and proposes no alternative metric** — the search-result framing suggesting otherwise was wrong, and I am recording the corrected reading.","The hazard checklist item the team will otherwise miss. A pneumatically actuated torso stores energy that does not vanish when power is removed, and a burst line or a jet through a pinhole is a hazard class with no entry in ISO/TS 15066 Table A.2. The FMEA needs rows for burst, sudden depressurisation, jet impingement, and stored-energy release on E-stop — and the E-stop behaviour of a pressurised soft system needs to be defined, because ""cut power"" does not mean ""go limp"".",D — review/position paper.,"Almost no quantitative content; the 2 m/s figure is asserted rather than derived; predates the current soft-robotics safety literature; offers no test method, so it can seed the hazard list but cannot supply an acceptance number. ---"
C1,"Vemula 2018 — Vemula, Matthias & Ahmad, 2018","Vemula, B., Matthias, B., & Ahmad, A. (2018). A design metric for safety assessment of industrial robot design suitable for power- and force-limited collaborative operation. *International Journal of Intelligent Robotics and Applications*, 2(2), 226–234.",https://doi.org/10.1007/s41315-018-0055-9 — fetched https://pmc.ncbi.nlm.nih.gov/articles/PMC5966502,Yes (PMC).,"Proposes **power flux density** as a PFL design metric, W = (F_c · δ̇)/A_c — contact force times deformation rate over contact area — arguing that neither force nor pressure alone captures injury onset.","Uses Behrens & Elkmann (2014) collision data at masses **4.16 and 8.65 kg** and impact velocities **0.64–0.94 m/s**; biomechanical stiffnesses **30 N/mm (upper arm)** and **40 N/mm (lower arm)**, matching ISO/TS 15066 Table A.3; restitution coefficient swept **0.2–0.5**. It publishes **no absolute limits** and **does not derive** a velocity ceiling for a given effective mass. It states plainly that *""there is no clear view in the research community as to what impact quantity can be most relevantly used as an indicator""* of injury onset.","Mostly negative evidence, which is still useful: it documents that the field has **not** converged on a severity metric for compliant robots. It also supplies the restitution range 0.2–0.5, which matters because ISO/TS 15066's fully-inelastic assumption is conservative for a rigid arm but a *soft* robot with elastic recoil may not be bounded by it — a padded surface that rebounds transfers momentum differently than one that absorbs. Worth one paragraph in the report justifying why the inelastic model is retained.","C — metric proposed and evaluated against previously published data, no new experiments.","No absolute thresholds, so it cannot be an acceptance criterion; industrial-arm framing; power flux density requires measuring deformation rate and contact area in real time, which is not practical for a senior design test campaign. ---"
C1,"Hamad 2023 — Hamad, Nertinger, Kirschner, Figueredo, Naceri & Haddadin, 2023","Hamad, M., Nertinger, S., Kirschner, R. J., Figueredo, L., Naceri, A., & Haddadin, S. (2023). A concise overview of safety aspects in human-robot interaction. arXiv:2309.09936 [cs.RO].",https://arxiv.org/abs/2309.09936 — fetched and extracted verbatim from https://arxiv.org/pdf/2309.09936,Yes (arXiv preprint).,"A TUM/MIRMI survey mapping the safety layers for HRI, notable here for one specific and highly relevant observation about the provenance of impact biomechanics data.","None of its own. But it carries the single most important methodological caveat in C1, VERIFIED verbatim: *""most of the impact experiments reported in the literature were typically conducted on human cadavers from older adult subjects""*, and Kent et al. (2005) *""pointed out that overly large confidence intervals are produced on injury risk assessments in impact studies done with cadavers from older adults (as compared to those of young adults).""* It further notes that *""on average, males experience less bone loss and slower cortical thinning rate than females as they age""* (Seeman 2001; Lillie et al. 2016, skull cortical thickness vs age and sex). It confirms the scope split — EN ISO 13482 for personal care robots, EN ISO 10218-1/-2 and ISO/TS 15066 for industrial collaborative robots — and identifies the Safe Motion Unit as the established pre-collision approach for stationary manipulators.","Sharpens the elderly gap into something more precise and more useful than ""old people are frail"". The **pain** data (ISO/TS 15066, Melia, Behrens, Park, Han) comes from young-to-middle-aged living volunteers. The **injury** data (cadaver impact biomechanics) comes disproportionately from *elderly* cadavers and carries wide confidence intervals. So the two halves of the safety case are drawn from different populations, and neither is the intended user of this device. The gender/bone-loss finding also means a design validated on a 50th-percentile male is least conservative for the largest demographic in elder care: older women.","D — survey/position, unrefereed preprint.","Preprint, no primary data, and it is partly a framing paper for the authors' own research programme. Use it for the cadaver-provenance caveat and the standards map; do not cite it for numbers. --- Targets the test campaign must beat. Where sources disagree, **the binding column is the lower value**, which is Behrens/Han, not ISO. ""ISO"" = ISO/TS 15066:2016 Table A.2, read verbatim. | # | Requirement | Value | Source | Flag | |---|---|---|---|---| | R1 | Chest quasi-static contact force (region) | **≤ 140 N** ISO → design **≤ 80 N** | ISO Table A.2 / Behrens 2021 sternum pinch | VERIFIED / VERIFIED-VIA-EXTRACTION | | R2 | Sternum quasi-static pressure | **≤ 120 N/cm²** ISO → design **≤ 50 N/cm²** (Behrens) or **≤ 39 N/cm²** (Han onset) | ISO / Behrens / Han | VERIFIED / EXTRACTION | | R3 | Back & shoulders quasi-static force | **≤ 210 N** ISO → design **≤ 60 N** (shoulder joint, Behrens) | ISO / Behrens | VERIFIED / EXTRACTION | | R4 | Shoulder-joint quasi-static pressure | **≤ 160 N/cm²** ISO → design **≤ 60 N/cm²** | ISO / Behrens | VERIFIED / EXTRACTION | | R5 | Upper arm & elbow quasi-static force | **≤ 150 N** ISO → design **≤ 100 N** (deltoid, Behrens) | ISO / Behrens | VERIFIED / EXTRACTION | | R6 | Deltoid quasi-static pressure | **≤ 190 N/cm²** ISO → design **≤ 70 N/cm²** | ISO / Behrens | VERIFIED / EXTRACTION | | R7 | Lower arm & wrist quasi-static force | **≤ 160 N** ISO → design **≤ 100 N** (Behrens) | ISO / Behrens | VERIFIED / EXTRACTION | | R8 | Arm-nerve pressure (most sensitive arm site) | **≤ 180 N/cm²** ISO → design **≤ 60 N/cm²** (Behrens) / 65.1 mean (Park) | ISO / Behrens / Park | VERIFIED / EXTRACTION | | R9 | Hands & fingers quasi-static force | **≤ 140 N** | ISO Table A.2 | VERIFIED | | R10 | Transient contact multiplier | **× 2** on force and pressure, all regions except head/face | ISO Table A.2 note c | VERIFIED | | R11 | Head, face, throat contact | **Prohibited** — contact with skull, forehead, larynx, eyes, ears, face shall be prevented; transient multiplier ""not applicable"" | ISO clause 5.5.5.3 + Table A.2 | VERIFIED | | R12 | Max transferred energy — chest / upper arm / lower arm / hands | **1,6 / 1,5 / 1,3 / 0,49 J** | ISO Table A.4 | VERIFIED | | R13 | Arm-tip velocity cap (blunt, large radius) | **≤ 1.5 m/s**, reduce to **≤ 1.0 m/s** if reflected inertia > ~8 kg | Haddadin 2012, verbatim | VERIFIED | | R14 | Arm-tip velocity if any small-radius feature exposed | **≤ 0.5 m/s** at masses > 6 kg | Haddadin 2012, verbatim | VERIFIED | | R15 | Whole-body / tip-over differential speed | **< 1.5 m/s**; 5 % child skull-fracture cut-off at **1.41 m/s** | Paez-Granados 2022 | VERIFIED-VIA-EXTRACTION | | R16 | Contact geometry | No exposed radius small enough to pierce: 5 mm sphere pierced skin, 12.5 mm sphere and 45° wedge did not | Haddadin 2012, verbatim | VERIFIED | | R17 | Elderly de-rating factor on R1–R9 | **Required, magnitude TBD** — PPT significantly lower in old adults, p = 0.018 | El Tumi 2017 | VERIFIED (direction) / **UNVERIFIED (magnitude)** | | R18 | HIC36 | 650 = 5 % AIS3+; a_3ms ≤ 72 g — **do not use as acceptance criterion** | Haddadin 2007, verbatim | VERIFIED (value) | | R19 | Pneumatic stored-energy hazards | No published limit exists; must be covered by FMEA | Abidi 2017 | VERIFIED (absence) | **Derived velocity limits.** Computed from ISO/TS 15066 Formula (A.5), v_rel = 2F_qs/√(μk), μ = (1/m_H + 1/m_R)⁻¹, using Table A.2 forces and Table A.3 constants read verbatim. The same code reproduces ISO's own Table A.4 energies to within rounding on all seven regions checked, so the arithmetic is validated against the standard itself. Marked **DERIVED** — verified inputs, my computation. | Body region | m_R = 1 kg | 2 kg | 3 kg | 5 kg | 10 kg | |---|---|---|---|---|---| | Chest | 1.79 | 1.28 | 1.06 | 0.84 | 0.63 | | Abdomen | 2.23 | 1.59 | 1.32 | 1.04 | 0.78 | | Back & shoulders | 2.27 | 1.63 | 1.34 | 1.06 | 0.79 | | Upper arm & elbow | 2.00 | 1.58 | 1.41 | 1.26 | 1.14 | | Lower arm & wrist | 1.96 | 1.60 | 1.46 | 1.34 | 1.24 | | Hands & fingers | 1.67 | 1.50 | 1.45 | 1.40 | 1.36 | | Pelvis | 2.31 | 1.65 | 1.36 | 1.08 | 0.80 | Read this as: **measure the arm's reflected inertia first**, because it sets the speed limit. At a realistic 3 kg reflected inertia the chest limit is **1.06 m/s** — already below the 1.5 m/s soft-tissue ceiling from Haddadin, so chest contact governs. Design to **1.0 m/s** and the ISO transient case, the soft-tissue case and the Paez-Granados case are all satisfied simultaneously with margin. --- **ISO 13482:2014 governs this device, and it will not give you a single number.** A freestanding, non-medical, earthbound torso that physically supports a person is a ""physical assistant robot"" under ISO 13482; IEC 80601-2-78 explicitly hands personal care robots back to ISO 13482, and ISO/TS 15066 explicitly says it does not apply to non-industrial robots. All three scope statements are verified, and the consequence is that **no standard both governs this device and publishes a contact limit** — so the project's safety claim is built by importing ISO/TS 15066's numbers under a documented ISO 14971-style risk-management argument, and the report must say that out loud rather than implying compliance. **Decide in week one whether this is a medical device**, because the phrase ""rehabilitation patients"" in the brief is what drags it across the line into IEC 80601-2-78 (CHF 380) and the entire IEC 60601-1 burden; describing it as assistance with daily activity keeps it under ISO 13482 (~EUR 204). This is a scoping decision with a large cost attached, not a wording preference. **Design to Behrens 2021, not to ISO/TS 15066.** Three independent human-subject studies — Behrens (112 subjects), Park (90), Han (40) — all land below the ISO table in the regions this project contacts, and the sternum is the worst case: ISO says 120 N/cm², Behrens measured 50, Han measured 39.4 at pain onset. ISO/TS 15066's own footnotes concede the force column is a 188-source literature estimate rather than a measurement and ""will be replaced in future"". Designing to the ISO chest pressure would put the torso roughly 2.4–3× above measured pain onset, and stating that delta explicitly in the report reads as rigour rather than deviation. **Do not certify this with HIC.** Haddadin measured HIC36 below 25 at 2 m/s on a 14 kg arm against a limit of 650; a compliant torso will score so low that the number proves nothing, and a reviewer who knows this literature will read a HIC-based claim as metric-shopping. Use force, pressure and transferred energy, and use HIC only as a cited reason for *not* using HIC. **The elderly gap is the weakest joint in the entire safety case, and it is worse than ""old people are frail"".** Every pain-onset number in the requirement table was measured on healthy volunteers aged roughly 16–67 — Han's cohort was 40 men in their twenties — while the cadaver impact-biomechanics literature that underpins the injury thresholds comes disproportionately from *elderly* donors with wide confidence intervals. The two halves of the argument are drawn from different populations and neither is the intended user. El Tumi's meta-analysis shows pressure pain threshold is significantly *lower* in adults over 62 (p = 0.018), so an explicit de-rating factor on R1–R9 is mandatory — but the abstract reports no effect size, so somebody has to read the full text and extract an SMD before the team picks a number. Note too that older adults may have *reduced* protective sensation while having *reduced* tissue tolerance, which is the worst possible combination: the user may not withdraw from a load that is already injuring them, so pain onset is not a reliable proxy for injury onset in this population. **Two hazards in this project are not covered by any number in the table.** Clamping — a person leaning on a torso that traps a limb against a fixed structure — is explicitly outside Haddadin's blunt-impact scope, and quasi-static clamping against a soft actuator that continues to hold pressure is the dominant realistic hazard for a device designed to be leaned on. And tip-over: if the freestanding base can fall onto a seated or supine user, Paez-Granados shows that 60 kg at 3.1 m/s produces AIS3+ probabilities of 14–50 %, which the arm-contact numbers do not address at all. Both need FMEA rows and a test, not just an analysis. **Before the design review, close three specific gaps:** (1) open ISO 10218-2:2025 and confirm whether the Table A.2 values survived the consolidation unchanged, because citing the 2016 TS in 2026 without that check is a citation-hygiene failure; (2) read El Tumi's full text for the effect size behind R17; (3) verify the ISO 13482 clause that states no internationally recognised impact/pain limits existed at publication — I could not fetch it verbatim, and it is the sentence that justifies the whole import argument. ---"
C2,"ISO/PAS 5672 — ISO/TC 299 WG8, 2023","ISO/PAS 5672:2023, *Robotics — Collaborative applications — Test methods for measuring forces and pressures in human-robot contacts*, 1st edition, International Organization for Standardization, Geneva, November 2023, 41 pp.",https://www.iso.org/standard/82488.html — **I fetched the free 12-page preview PDF** at https://cdn.standards.iteh.ai/samples/82488/e9f2f066763b4189b18e2b9d3e6dccec/ISO-PAS-5672-2023.pdf (iso.org itself 403s automated fetch),"partial — front matter, Scope, Terms, and Clause 4 (Overview/contact types) are free in the preview; Clauses 5–7 (measuring instrument design parameters, calibration, sensor characteristics, measurement procedure) are paywalled.","The only standard that actually specifies *how* to measure forces and pressures in human-robot contact, and what a PFMD must be. Defines the test as: replicate the contact situation by letting the robot collide with the PFMD, analyze, compare to biomechanical limits, pass/fail, document.","Contact classified on two axes — **load profile** (quasi-static vs dynamic) × **spatial configuration** (constrained vs unconstrained), producing contact types Push / Pinch / Impact / Crush. **Unconstrained requires ≥500 mm free distance to the nearest fixed obstacle** (referencing ISO 13854). Defines *biomechanical response curve* as contact force vs tissue deformation. Three transient-contact measurement architectures are recognized (fixed device; device on a linear sledge; device on a pendulum). Clause 5.2 ""Design parameters"", 5.3 ""Calibration"", 5.4.2/5.4.3 force and pressure sensor characteristics exist but their numeric content is behind the paywall — **I did not read those numbers and will not invent them.**","This is the skeleton of the whole campaign. Adopt its contact taxonomy verbatim: your torso will produce *push* (person leans, quasi-static, unconstrained), *impact* (arm swings into a standing person, dynamic, unconstrained), and *pinch/crush* (arm traps a forearm against the torso shell or a table — dynamic/quasi-static, constrained). Your test matrix should be exactly those four cells, not ""we hit it a few times.""","**I** (standards document, consensus, not peer-reviewed research). The free preview is verifiable; the numeric clauses are not.","Costs roughly CHF 150–200 for the full text. Explicitly **does not apply to non-professional or medical robots** (§1) — an assistive/rehab torso for elderly users is arguably outside scope, though the document says the methods ""can be applied in these areas, if deemed appropriate."" That sentence is your justification for transfer, and you should quote it in the design review rather than pretending the standard covers you. ---"
C2,"Zimmermann-biofidel — Zimmermann, Huelke & Clermont, 2022","Zimmermann, J., Huelke, M., & Clermont, M. (2022). Experimental comparison of biofidel measuring devices used for the validation of collaborative robotics applications. *International Journal of Environmental Research and Public Health*, 19(20), 13657.",https://doi.org/10.3390/ijerph192013657 — **I fetched the PMC full text** at https://pmc.ncbi.nlm.nih.gov/articles/PMC9602772/ (mdpi.com 403s automated fetch),"yes (MDPI CC-BY, mirrored in PMC).",Three commercial biofidelic PFMDs were run head-to-head on a linear motor and a pendulum. Authors are from IFA (the German statutory accident-insurance research institute) — i.e. the people who define the German cobot test practice. The point: nominally-equivalent certified devices disagree.,"Spring elements (CC2) tested at **40 N/mm and 75 N/mm**; damping/compression layer (CC1) materials **SH70A at 7 mm, SH30A at 14 mm, SH10A at 21 mm**. Force recording **≥1 kHz**, filtered with a **100 Hz Butterworth low-pass**. Pendulum impact energies **0.5 J and 1 J**. Within-device repeatability (SD): **Device 1 = 1.4 %, Device 2 = 0.4 %, Device 3 = 0.6 %**. Between-device **peak-force differences up to 10 %** at identical settings. Device 1 moving mass ≈ **1.5 kg**. Linear motor: positioning accuracy **0.04 mm**, max holding force **1 kN**. Manufacturers anonymized for compliance reasons.","Two things. (1) It gives you the *actual recipe* for a tissue surrogate: a stiff spring in series with a shore-hardness-specified elastomer pad, with body-region-specific spring rate. You can build this. (2) It sets your uncertainty floor — if certified instruments differ by 10 %, a home-built rig cannot claim better than ~±15–20 %, and your pass/fail criterion must have that margin baked in.","**B** (hardware-validated instrument metrology, no human subjects — by design).","Devices anonymized, so you cannot buy ""Device 2."" Energies tested (0.5–1 J) are low; a leaning torso stores much more. Says nothing about soft-covered impactors, which is exactly your case. ---"
C2,"Svarny-skins — Svarny, Rozlivek, Rustler, Hoffmann et al., 2022","Svarny, P., Rozlivek, J., Rustler, L., Hoffmann, M., Nicolis, D., Rocco, P., & Zanchettin, A. M. (2022). Effect of active and passive protective soft skins on collision forces in human–robot collaboration. *Robotics and Computer-Integrated Manufacturing*, 78, 102363.","https://doi.org/10.1016/j.rcim.2022.102363 — **I fetched and text-extracted the author-accepted PDF** at https://arxiv.org/pdf/2203.09872 (the DOI line is printed on every page of that PDF, which is how I confirmed the venue)","partial — publisher version paywalled, accepted manuscript free on arXiv, **dataset publicly released**.","The single most directly transferable paper here. It quantifies *how much a soft cover actually buys you* in measured collision force, separating the passive cushioning effect from the active sensing/stopping effect. This is the experiment your project is a variant of.","**2250 collision measurements**, three robots (UR10e, KUKA LBR iiwa 7R800, KUKA Cybertech) with and without AIRSKIN. **Transient collisions: passive skin lowered peak impact force by ~40 %.** Measuring device **CBSF-75-Basic**, spring constant **75 000 N/m (75 N/mm)**, range **500 N**, certified error **≤3 N**, collection frequency **1000 Hz**. Robot-side logging 800 Hz (UR) / 1000 Hz (KUKA). AIRSKIN pad approximated as **k_s = 3000 N/m with compressible thickness d_s = 16 mm**. Skin raised the ISO/TS-15066-permissible velocity from **0.26 → 0.35 m/s** (UR10e) and **0.32 → 0.43 m/s** (iiwa) against the 280 N transient limit; against the 140 N post-0.5 s clamping limit, **0.13 → 0.26 m/s** and **0.16 → 0.32 m/s**. Extra skin mass 1.8 kg. They propose an extension of the TS 15066 force–velocity formula that adds k_s and d_s.","This is your headline comparison and your model. Measure your torso/arm bare vs covered, at matched velocities, and report the percentage reduction — that is a defensible, publishable claim. Their extended formula (adding cover stiffness and compressible thickness in series with the body-part spring) is the analytical model you should fit your own data to. Critically, it also shows the **quasi-static/clamping case is where soft covers stop helping** — which is exactly the failure mode of a torso a person leans on.","**B** (large, well-instrumented hardware study; no human subjects).","Rigid industrial arms with a soft *cover*, not a soft *structure* — an arm whose links deform is a different mechanical system, and their two-body spring model may not hold. AIRSKIN is a commercial product (~thousands of EUR). Their 40 % figure is for that specific pad on those specific robots. ---"
C2,"Haddadin-crashtest — Haddadin, Albu-Schäffer & Hirzinger, 2007","Haddadin, S., Albu-Schäffer, A., & Hirzinger, G. (2007). Safety evaluation of physical human-robot interaction via crash-testing. In *Robotics: Science and Systems III*, Atlanta, GA, pp. 217–224.",https://www.roboticsproceedings.org/rss03/p28.pdf — **fetched and text-extracted this PDF directly**,yes (RSS proceedings are free).,"The founding paper of automotive-to-robotics crash-test transfer, and the paper that killed the naive ""robots are lethal at 1 m/s"" simulation consensus. DLR LWR-III driven into a Hybrid III dummy at a certified ADAC crash-test facility, scored against EuroNCAP.","TCP velocities **0.2, 0.5, 0.7, 1.0, 1.5, 2.0, 2.5, 3.0 m/s**. **Hybrid III dummy instrumented at 20 kHz sampling**, signals filtered per CAC (Crash Analysis Criteria v1.6.1). Criteria and limits applied: **HIC₃₆ ≤ 650** (5 % probability of AIS ≥ 3); **3 ms criterion ≤ 72 g**; chest **compression criterion ≤ 22 mm**; **viscous criterion ≤ 0.5 m/s**; neck limits **1.9/3.1 kN shear, 2.7/3.3 kN tension, 42/57 Nm extension** at 0 ms. Results: **HIC₃₆ < 25 at 2 m/s** (essentially no head-injury risk); 3 ms criterion reached **<20 % of the 72 g limit at 2 m/s**. Free-space head impact is a **6–10 ms** event; measured peak at the aluminium impactor at 2 m/s was **2 kN and 35 g**. Simulated robot masses **1, 4, 10, 50, 100, 500 kg** — **HIC saturates with increasing robot mass**, velocity dominates. Also shows that even instantaneous collision detection cannot reduce a stiff-contact peak, because the peak arrives before any actuator can respond. Prior ISO-10218 heuristics (0.25 m/s, 80 W, 150 N) are shown to be un-derived from biomechanics.","(1) Gives you the *criteria list* — HIC, 3 ms, chest compression, viscous, neck loads — and the numeric limits your campaign is measured against, all from a free PDF. (2) Gives you the key physical argument for your design review: **for blunt unconstrained impact, velocity and contact stiffness dominate; mass saturates.** So the defensible safety claim for a compliant torso is about *stiffness and speed*, not ""it's light."" (3) The detection-is-too-late result tells you not to claim sensing as your primary impact mitigation — the compliance is the mitigation.","**A** (certified standardized test facility, standardized dummy and protocol).","ADAC crash-test facility time is far outside a senior-design budget. Rigid-link robot. Explicitly excludes sharp edges, clamping against rigid obstacles (which they flag as the genuinely dangerous case), and the head-only free-space geometry. 2007 — predates ISO/TS 15066 entirely. ---"
C2,"Behrens-limits — Behrens, Pliske, Umbreit, Piatek, Walcher & Elkmann, 2022","Behrens, R., Pliske, G., Umbreit, M., Piatek, S., Walcher, F., & Elkmann, N. (2022). A statistical model to determine biomechanical limits for physically safe interactions with collaborative robots. *Frontiers in Robotics and AI*, 8, 667818.",https://doi.org/10.3389/frobt.2021.667818 — **fetched** https://pmc.ncbi.nlm.nih.gov/articles/PMC8850785/,yes (CC-BY).,"The largest pain-onset study behind modern cobot limits, and — for C2 purposes — a fully-described *test rig* for both the quasi-static and impact cases.","**112 human subjects**, five groups, **28 body locations**, **~29 000 observations**, four scenarios (pinch/impact × blunt/semi-sharp). **Algometer:** KISTLER 9311B single-axis load cell, **±500 N**, **2.11 % max error**, loading rate **1 mm/s**. **Pendulum:** four-bar linkage, adjustable mass **1.9–20 kg**, **max impact velocity 1.25 m/s**, KISTLER 9327C three-axis load cell **±1 kN**. Example 75th-percentile limits: sternum **80 N pinch / 110 N impact** (blunt); shoulder joint **60 N pinch / 100 N impact** (semi-sharp); kneecap **160 N / 270 N**; forefinger pad **150 N / 390 N**. Pressure thresholds span **23 N/cm² (masticatory muscle) to 170 N/cm² (back of hand)**. Log-logistic CDF with Weibull regression, gender as covariate, 95 % CIs throughout.","This is the **benchmark your numbers get compared to**, and it is the *only* source here that gives you a defensible target for a chest/sternum contact — which is precisely the contact a freestanding torso makes. Note **sternum blunt impact ≈ 110 N** is far below the generic 280 N transient limit people quote; if your torso can push on a chest, 110 N is your number, not 280 N. Their two-rig split (slow algometer for quasi-static, pendulum for impact) is the right architecture for your campaign and is cheaply imitable in concept.","**A** (human subjects, standardized apparatus, large n, statistical model with CIs).","Subject population is a working-age industrial cohort. **Your users are elderly and rehab patients — thinner skin, osteopenic ribs, anticoagulants, reduced pain reporting.** These pain-onset limits are *not* injury limits and are *not* validated for your population; you must say so and add margin rather than quietly reusing the table. Building a calibrated four-bar pendulum with a ±1 kN triaxial Kistler is not a senior-design purchase. ---"
C2,"Svarny-CFM — Svarny, Rozlivek, Rustler & Hoffmann, 2021","Svarny, P., Rozlivek, J., Rustler, L., & Hoffmann, M. (2021). 3D collision-force-map for safe human-robot collaboration. In *2021 IEEE International Conference on Robotics and Automation (ICRA)*, pp. 3829–3835.",https://doi.org/10.1109/ICRA48506.2021.9561845 — **fetched arXiv PDF** https://arxiv.org/pdf/2009.01036 and **confirmed venue/pages via the Crossref API**,partial (arXiv preprint free; IEEE version paywalled).,"Impact force at a fixed commanded velocity varies by **more than 100 %** across the workspace, because effective mass and structural stiffness change with configuration. The ISO/TS 15066 closed-form force–velocity relation therefore under- or over-predicts depending on where you are.","Two robots (UR10e, KUKA LBR iiwa 7R800), **>400 impacts per robot**, **CBSF-75-Basic** device (**75 000 N/m**, **500 N** range, **≤3 N** error, **1000 Hz**), damping material chosen per TS 15066 to mimic **back of the non-dominant hand**. Velocities **0.20, 0.25, 0.30, 0.35, 0.40 m/s** downward. Grid: UR distance 0.52–0.89 m in 0.09 m steps × 5 heights from 0.14 m in 0.08 m steps; KUKA 0.56–0.86 m in 0.075 m steps. **Training set only 27 states (81 measurements) per robot** suffices to fit the model. 117 extra measurements verified rotational symmetry about joint 1. Samples exceeding the 500 N device limit were discarded. Reference TS 15066 permissible velocities computed as 0.26 m/s (UR) / 0.32 m/s (iiwa) at 280 N, and 0.13 / 0.16 m/s at 140 N.","Directly sets your **sampling plan**. You cannot characterize a two-arm torso by hitting the device once — force depends on arm configuration and height. Their result that **27 well-chosen states is enough to fit a predictive map** is the single most budget-relevant methodological finding in this whole file: it turns an impossible full-factorial sweep into about a day of testing. Also: place your measurements at the height a seated or standing elderly user's chest/head actually occupies, not at a convenient bench height.","**B** (large hardware dataset, no human subjects).","Rigid arms, single contact geometry, single body-region surrogate (hand). Device saturates at 500 N. Their conclusion is about *configuration dependence*, which for a soft arm may be swamped by material nonlinearity and pressurization state — an untested extrapolation. ---"
C2,"Kirschner-effmass — Kirschner, Mansfeld, Gomez Peña, Abdolshah & Haddadin, 2021","Kirschner, R. J., Mansfeld, N., Gomez Peña, G., Abdolshah, S., & Haddadin, S. (2021). Notion on the correct use of the robot effective mass in the safety context and comments on ISO/TS 15066. In *2021 IEEE International Conference on Intelligence and Safety for Robotics (ISR)*, pp. 6–9.",https://doi.org/10.1109/ISR50024.2021.9419495 — **fetched the free PDF** at http://iliad-project.eu/wp-content/uploads/2021/06/Notion-on-the-correct-use.pdf and **confirmed DOI/pages via the Crossref API**,partial (free author PDF via the ILIAD project site; IEEE version paywalled).,"The only source here that gives a **practical experimental method to measure reflected/effective mass**: swing a passive physical pendulum of known effective mass into the robot, measure the pendulum's post-impact velocity, and invert conservation of momentum. It also shows the ISO/TS 15066 simplified effective-mass formula is badly wrong.","Pendulum: length to contact **l = 636 mm**, computed **effective mass at the contact point m_p,eff = 3.663 kg**. Franka Emika Panda, configuration 1: **measured m_r,exp = 3.018 ± 0.184 kg**, Khatib reflected-mass model **2.800 ± 0.005 kg**, **ISO/TS 15066 simplified value 5.222 kg** — errors of **7.8 %** (model vs experiment) and **73.0 %** (ISO/TS vs experiment). Configuration 2: **m_r,exp = 2.765 ± 0.062 kg** vs model **2.797 ± 0.003 kg**, **1.1 %** error. ISO/TS simplified masses: **6.3 kg** for KUKA LWR IV+, **5.545 kg** for Panda.","This is your **reflected-inertia measurement method**, and it is genuinely cheap — a rigid pendulum, a known geometry, and velocity from video or an encoder. For a compliant arm you cannot compute effective mass from a rigid-body model, so measuring it is the only honest route. Report effective mass at several arm poses; it is the number that, with velocity, sets your predicted impact force.","**B/C** — hardware experiment, but explicitly ""preliminary,"" tiny number of configurations, 4-page conference paper.","Rigid serial arms with joint-torque sensing. **For a soft arm the impact is not an instantaneous rigid-body momentum exchange** — the structure deforms over the contact duration, so the single-parameter ""effective mass"" abstraction may not be meaningful at all. Treat this as a method to try and possibly report as inapplicable, which would itself be a finding. ---"
C2,"Alhaddad-headrig — Alhaddad, Cabibihan, Hayek & Bonarini, 2019","Alhaddad, A. Y., Cabibihan, J.-J., Hayek, A., & Bonarini, A. (2019). Safety experiments for small robots investigating the potential of soft materials in mitigating the harm to the head due to impacts. *SN Applied Sciences*, 1(5), 476.",https://doi.org/10.1007/s42452-019-0467-7 — **fetched the full-text PDF** at https://arxiv.org/pdf/1904.09621 and **confirmed journal/volume/article via the Crossref API**,yes (SN Applied Sciences is OA; preprint also on arXiv).,"A complete, **genuinely low-cost, university-buildable head-impact rig**, plus a soft-material study whose main honest result is negative.","**3D-printed dummy head suspended on nylon-coated wire ropes** in a frame, with an embedded accelerometer read through a DAQ card. Pendulum impactor: 3D-printed cylinder, **10 cm diameter × 10 cm**, clay-filled to **0.4 kg**, faced with **5 × 8 cm** elastomer samples. Materials Ecoflex 00-30 and Dragon Skin FX-Pro (Smooth-On); **storage moduli 0.2, 0.3, 1.7 MPa** measured at 1 Hz by DMA (RSA-G2, frequency sweep 0.1–100 Hz). Thicknesses **1, 3, 5 mm**. Impact velocity bands **1.0–1.2, 1.6–2.0, 2.6–3.0 m/s** set by drop height. **Taguchi L9 orthogonal array, 27 main runs + 24 confirmation runs per noise level.** Velocity measured from **240 fps slow-motion video (Sony FDR-X1000V) analyzed in Tracker**; acquisition in LabVIEW, post-processing in MATLAB. **ANOVA found neither thickness nor storage modulus statistically significant (p < 0.05) in attenuating peak head acceleration**; only S/N-ratio optimization suggested 3–5 mm as better, confirmed in follow-up runs. Injury context cited: concussion reported from **31.8 g**; concussive impacts averaging **105 ± 27 g** vs subconcussive **26 ± 20 g**.","**Copy this rig.** Suspended instrumented head/limb surrogate + gravity pendulum impactor + action-camera-plus-Tracker for velocity is the exact architecture a senior design team can build for low hundreds of dollars, and it appears in a peer-reviewed OA journal so you can cite it as precedent rather than defending an improvised setup. Also copy the **Taguchi/orthogonal-array design** — it is how you cover material × thickness × velocity in 27 runs instead of hundreds. And take the warning seriously: with a small n and a noisy rig, **plausible material effects came out statistically insignificant.** Design your power before you build.","**B** (hardware, instrumented, statistically analyzed; surrogate not biofidelically validated against a standard).","Accelerometer model, range, and **sampling rate are not reported** — a real gap, since a 6–10 ms impact needs several kHz to capture a peak. Dummy head is not a Hybrid III and its biofidelity is asserted by reference to the authors' own earlier work, not independently validated. 0.4 kg impactor at ≤3 m/s is far below a torso-arm impact. Reports acceleration only, not HIC. ---"
C2,"Monteleone-balance — Monteleone, Negrello, Grioli, Catalano, Bicchi & Garabini, 2023","Monteleone, S., Negrello, F., Grioli, G., Catalano, M. G., Bicchi, A., & Garabini, M. (2023). A method to benchmark the balance resilience of robots. *Frontiers in Robotics and AI*, 9, 817870.",https://doi.org/10.3389/frobt.2022.817870 — **fetched** https://pmc.ncbi.nlm.nih.gov/articles/PMC9895781/,"yes (CC-BY), and **the testbed design is released open source**.","A complete benchmarking framework — 7 performance indicators, 5 protocols, and an actuated testbed — for how well a free-standing robot resists external pushes and impacts without falling.","Testbed: max impulsive force **1200 N**; max quasi-static/sinusoidal force **700 N** (350 N at long pendulum setting); max torque **250–350 Nm**; pendulum length adjustable **0.5–1.5 m**; added masses **0–15 kg**; oscillation up to **3–7 Hz**. Sensor resolution: torque **0.4–1 N**, force **0.8 N**, angular encoder **0.09°**. Five protocols: free-fall pendulum impulse (parameterized by energy E and impulse I), sinusoidal displacement, sinusoidal force, quasi-static displacement ramp at **1.5 cm/s**, quasi-static force ramp at **1 N/s**. Validation on the Alter-Ego robot: **>1100 experiments** — 410 runs / 41 conditions (P1), 260 / 26 (P2), 430 / 43 (P3), 10 each (P4, P5). Repeatability: mean SD **≈0.37 N·s** (impulse) and **≈0.2 mm** (displacement). **~4 days** of testing for the frontal experiments on one robot. Modular aluminium structure, commercial sensors, ROS-compatible industrial PC.","This is the missing half of your campaign that the cobot literature does not cover. **Your torso is freestanding and a person will lean on it** — the dominant hazard is not ""the arm hits someone,"" it is ""the torso topples onto someone"" or ""it collapses when someone puts weight on it."" This paper gives you the exact protocol pair you need: a **quasi-static force ramp (1 N/s)** to find the lean load at which your base loses stability, and a **free-fall pendulum impulse** to find the impulse it survives. The quasi-static ramp is cheap: a winch, a load cell, and a slow pull.","**B** (hardware benchmark, validated on a real robot, open-source, no human subjects).","The full actuated testbed (1200 N, 250–350 Nm) is a serious machine — well beyond a senior-design build. The **degraded version is what you can afford**: a hand-winched quasi-static pull with a load cell and a string-pot, and a simple gravity pendulum. Developed for balancing bipeds/wheeled-inverted-pendulum robots, so the PIs assume an active balance controller; a passively-stable torso on a wide base needs its indicators reinterpreted. *(Reinterpretation is my inference, not theirs.)* ---"
C2,"Hartmann-review — Hartmann, Hamříková, Vysocký, Laciok & Bernatík, 2026","Hartmann, D., Hamříková, K., Vysocký, A., Laciok, V., & Bernatík, A. (2026). Design, validation, and metrological limits of biofidelic instrumentation in PFL collaborative robotics: A systematic review of longitudinal trends and future paradigms. *Sensors*, 26(13), 3984.",https://doi.org/10.3390/s26133984 — **fetched** https://pmc.ncbi.nlm.nih.gov/articles/PMC13363760/ (mdpi.com 403s),"yes (CC-BY, PMC).",The current systematic map of PFMD instrumentation and — most usefully — a consolidated statement of **how wrong these instruments are**.,"**68 publications** from **1099 screened**, covering **2011–2026**; 39 conference papers, 29 journal articles; evidence stratified as 21 high / 42 moderate / 5 low confidence. Publication peak in **2021**, a five-year lag after ISO/TS 15066 (2016). Sampling: **minimum 1000 Hz** required; contemporary systems at **10 kHz and 20 kHz**; transient spectral power concentrated **2–68 Hz**. Uncertainty: strain gauges **±15 N standard uncertainty**; pressure foils **up to ±10 %**, distorted by structural bulging; **force underestimation of 10–25 % during rapid transients**; sensor saturation/clipping documented at high-speed impact. Materials: damping ratio **ξ ≈ 0.07**; tempered steel springs (C67S) with **effective stiffness capped at 60 N/mm**; strain-rate-dependent silicone/urethane gels act as signal modulators. Names ISO/PAS 5672:2023 and ISO 10218-2:2025 as the governing documents.","Your **error budget**, handed to you with citations. If certified instruments underestimate transient force by 10–25 % and pressure film carries ±10 %, then any pass/fail margin narrower than ~30 % is noise. Also settles your DAQ spec: **1 kHz is the floor, and you want ≥10 kHz** given a 6–10 ms impact (Haddadin). The 2–68 Hz spectral content result is what justifies the 100 Hz Butterworth filter everyone uses.","**D** (systematic review — high quality, but secondary; graded D per this project's rubric, which is about study type, not merit).","Reports no costs. Aggregates numbers from heterogeneous rigs, so the uncertainty figures are indicative rather than a specification. Entirely industrial-cobot framed; soft robots appear only at the margins. ---"
C2,"DAntona-VSITD — D'Antona, Farsoni, Rizzi & Bonfè, 2025","D'Antona, A., Farsoni, S., Rizzi, J., & Bonfè, M. (2025). A variable stiffness system for impact analysis in collaborative robotics applications with FPGA-based force and pressure data acquisition. *Sensors*, 25(13), 3913.",https://doi.org/10.3390/s25133913 — **fetched** https://pmc.ncbi.nlm.nih.gov/articles/PMC12251810/,"yes (CC-BY, PMC).","A research-built alternative to a commercial PFMD: one adjustable-stiffness mechanism that can be dialled to several body regions, with a high-rate pressure-mapping array — i.e. the design you would copy if you build rather than buy.","Variable Stiffness Impact Testing Device (VSITD). Stiffness **10–60 N/mm** usable (theoretical max **80 N/mm** at 80° spring rotation); validated settings 10, 25, 30, 35, 40, 50, 55, 60, 75 N/mm; **saturation above ~60 N/mm**, so stiffer regions (back, thigh, shoulder) are out of reach. Pressure: **32 × 32 FSR matrix over 10 × 10 cm²** (XactFSR polymer on PET). DAQ: **Xilinx Artix-7 FPGA**, LTC2311-14 ADC (**±4.1 V differential**), **5 Msps nominal**, **~10–20 kHz effective per element**, **<1 ms** analog-to-digital latency, FT600 USB 3.0 up to 200 MB/s. Force reference: PCB Piezotronics piezoelectric load cells with a 482C conditioner, cross-checked against an **ATI Nano17** F/T sensor. Calibration fit **F = 0.4197v² + 0.4928v**, **RMSE 0.1549 N** (10 kΩ pull-down). Characterized on a mechanical press at **25 mm/min**.","The concrete blueprint for a **build-it-yourself PFMD**: adjustable spring stack in series with a compliant pad, a load cell for total force, and an FSR matrix for pressure distribution. Its FSR array is the realistic pressure-mapping option at student prices (Tekscan/pressure-film scanners are not). The **60 N/mm ceiling is directly relevant to you** — soft-tissue regions like abdomen, upper arm, and chest sit in the low range this device covers well, and those are exactly the regions your torso contacts.","**B** (hardware prototype, characterized and cross-validated against a reference sensor; not certified, not human-validated).","FPGA DAQ and piezoelectric load cells with signal conditioners are not cheap and need real electronics skill. **Per-pixel FSR calibration is acknowledged as necessary and not done** — FSRs are notoriously drifty and hysteretic, so treat the pressure map as qualitative distribution, not calibrated N/cm². Cannot reach stiff body regions. ---"
C2,"Behrens-responsecurves — Behrens, Zimmermann, Wang, Herbster & Elkmann, 2024","Behrens, R., Zimmermann, J., Wang, Z., Herbster, S., & Elkmann, N. (2024). Development of biomechanical response curves for the calibration of biofidelic measuring devices used in robot collision testing. *Journal of Biomechanical Engineering*, 146(4), 041001.","https://doi.org/10.1115/1.4064448 — **the ASME page 403s automated fetch; I verified authors, journal, volume, issue, article number and date via the Crossref API** (https://api.crossref.org/works/10.1115/1.4064448)",no (ASME paywall).,"Defines the force-vs-deformation corridors that a biofidelic device must reproduce to be considered calibrated — i.e. the missing link between ""a spring and a foam pad"" and ""a valid human tissue surrogate.""",**none reported here.** I could not read the full text — the publisher blocks automated access — so I am reporting only the verified bibliographic record and the topic. **Do not cite any numbers from this paper until someone reads it through NYU's ASME subscription.**,"This is the reference you need if a reviewer asks ""how do you know your foam-and-spring mock-up behaves like a chest?"" Same group as Zimmermann 2022 and the IFA/Fraunhofer standards work, so it is the authoritative answer. Worth one library request.","**B (unread)** — graded on the verified provenance and author group, not on content I have seen. Flagging this explicitly rather than pretending otherwise.","Paywalled; content unverified by me; industrial body regions, working-age biomechanics. ---"
C2,GTE-CoboSafe — GTE Industrieelektronik GmbH (industry),"GTE Industrieelektronik GmbH. *CoboSafe CBSF force-pressure measurement system* (product documentation). Viersen, Germany.",https://www.gte.de/en/products/kraftdruckmessung/cobosafe-cbsf — **fetched the manufacturer product pages**,yes (public product pages; no specs sheet behind a form for the basic data).,"The de facto commercial PFMD family used across the cobot literature (the CBSF-75-Basic in both Svarny papers is this product line), and the only place you get published transducer specs.","**CBSF series = nine individual force gauges with spring constants spanning 10 N/mm to 150 N/mm**, combined with a damping element to reproduce ISO/TS 15066 and DGUV FB HM-080 biomechanical limits per body region. Integrated evaluation electronics with **≥100 stored individual measurements**. Pressure measured either by **pressure-measurement film read with the CoboSafe-Scan scanner** (distribution and peak pressure only) or by **electronic film sensors (CoboSafe-Tek)** when a pressure–time curve is needed. CoboSafe-Vision software computes and visualizes force curves and pressure images, **exports CSV**, transfers by wireless or USB. (Specific to the CBSF-75-Basic, from Svarny et al.: **500 N range, ≤3 N certified error, 1000 Hz**.)","Sets the buy-vs-build decision. The **10–150 N/mm spring range is the design spec to match** if you build your own: pick the spring rate for the body region you claim to be testing (soft abdomen/chest at the low end), and say which one you picked and why. The CSV export and per-body-region gauge concept is the data model to imitate. Also worth noting: **pressure film (single-use, scanner-read) is the cheap path to pressure distribution**; electronic film is the expensive path to pressure-vs-time.","**I** (industry/manufacturer documentation, not peer-reviewed; specs are vendor claims).","A full CoboSafe kit is a **four-to-five-figure EUR purchase** — realistically out of reach unless NYU's robotics or safety lab already owns one, **which is worth checking before you build anything**. Vendor-stated accuracy is not independently verified (and Zimmermann 2022 found up to 10 % disagreement between such devices). ---"
C2,IFA-testapparatus — IFA / DGUV (industry / regulator),"Institut für Arbeitsschutz der Deutschen Gesetzlichen Unfallversicherung (IFA). *COBOTS: Collaborative robots — Test apparatus* (KDMG-KOLROBOT), technical information. Sankt Augustin, Germany.",https://www.dguv.de/ifa/fachinfos/kollaborierende-roboter/prueftechnik/index-2.jsp — **fetched this page**,yes.,"The regulator-side description of the reference test apparatus, and the clearest statement of the **two-stage compression principle** that defines a biofidelic device.","Describes **a two-stage compression arrangement simulating the deformability of the relevant body region**, using **deformable plastic plates plus springs for each individual body region**; an **integral force sensor** for total collision force and **a range of sensor systems in the collision plane** for pressure distribution; fully PC-controlled with dedicated software. Sold under licence by **GTE Industrieelektronik GmbH, Viersen**. Points to **ISO/PAS 5672:2023** as the governing test-method standard. **No spring constants, sampling rates, force ranges, or sensor part numbers are given on this page.**","Confirms the surrogate architecture you should build — **rigid impact plate → calibrated spring (region-specific rate) → deformable pad (shore-specified) → force sensor behind it, pressure sensing at the contact face**. That is a machinable, purchasable stack. Also confirms that IFA (regulator) and GTE (vendor) are the same lineage as the papers above, so your rig, the standard, and the literature all describe one family of device.","**I** (regulator technical information, not peer-reviewed; largely descriptive).","No numbers. German occupational-safety framing (workers, not patients). Licensing route means the real device is a commercial purchase. ---"
C2,"Remazeilles-eurobench — Remazeilles, Torricelli et al., 2022","Remazeilles, A., Dominguez, A., Barralon, P., Torres-Pardo, A., Pinto, D., Aller, F., Mombaur, K., Conti, R., Saccares, L., Thorsteinsson, F., Prinsen, E., Cantón, A., Castilla, J., Sanz-Morère, C. B., Tornero, J., & Torricelli, D. (2022). Making bipedal robot experiments reproducible and comparable: The Eurobench software approach. *Frontiers in Robotics and AI*, 9, 951663.",https://doi.org/10.3389/frobt.2022.951663 — **fetched the Frontiers full text**,"yes (CC-BY); code on GitHub, Docker images on Docker Hub.","The EU benchmarking infrastructure for humanoids, exoskeletons and prosthetics — a worked example of what ""a reproducible benchmark"" means operationally: fixed protocol, fixed testbed, fixed scoring algorithm, uploaded data, automatic performance-indicator computation.","**~30 protocols** with associated testbeds and scoring algorithms; **20 validated metric algorithms** (17 concrete protocols plus 3 templates); **two physical benchmarking facilities** (wearables, humanoids); four supported languages (Python, Octave, MATLAB, C++); YAML performance-indicator outputs.",Use it as the **template for how to write up your campaign** so it is reproducible: every test = a named protocol + a described testbed + a stated performance indicator + released raw data. That structure alone will distinguish your report from a typical senior design write-up. Also worth searching their protocol set for a wearable/assistive protocol closer to your use case than anything in the cobot literature.,"**D** (infrastructure/methodology paper, not an experimental result).","**Bipedal locomotion and wearables — not contact safety.** It gives you no force limits and no impact protocol. Its relevance is organizational, not physical; do not oversell it as a safety benchmark. ---"
C2,"Abidi-intrinsicsafety — Abidi & Cianchetti, 2017","Abidi, H., & Cianchetti, M. (2017). On intrinsic safety of soft robots. *Frontiers in Robotics and AI*, 4, 5.",https://doi.org/10.3389/frobt.2017.00005 — **fetched the Frontiers full text**,yes (CC-BY).,"A direct attack on the assumption your project rests on. Soft robots are *mechanically* gentler but introduce their own hazard classes, and ""soft = safe"" is, in the authors' framing, improperly used.","Pneumatic actuators typically **2 bar**, potentially **8–10 bar**; **8 bar through a 0.5 mm hole delivers 0.157 N** as a jet; **0.02 bar via a blunt 23-gauge needle can penetrate sensitive tissue such as the eye**; soft-material elastic modulus typically **~10× lower** than rigid robots; robots below **2 m/s** widely treated as safe independent of mass. **No HIC values for soft robots, and no test protocol, are proposed.**","This is your **hazard list for the risk assessment**, and it names the failure modes your impact campaign will not catch: **burst/rupture of a pressurized member, jet impingement, entrapment in compliant folds, and loss of structural integrity under sustained load.** For a torso an elderly person leans on, ""the bladder fails while loaded"" is a more probable injury path than ""the arm hits someone at 0.4 m/s."" Your campaign needs a burst/proof-pressure test and a sustained-load creep test alongside the impact tests. That the authors propose **no** soft-robot test protocol is itself the key finding: **the protocol gap is real and you are entitled to say so in your report.**",**D** (review/position paper).,"2017, pre-dates most soft-robot safety work. Argument by analysis, not experiment. Numbers are illustrative worst cases, not measured on any particular system. ---"
C2,ISO-13482-TR — ISO 13482:2014 and ISO/TR 23482-1:2020 (standards),"ISO 13482:2014, *Robots and robotic devices — Safety requirements for personal care robots*, ISO, Geneva. And ISO/TR 23482-1:2020, *Robotics — Application of ISO 13482 — Part 1: Safety-related test methods*, ISO, Geneva (published 18 March 2020; BSI committee AMT/10).","https://www.iso.org/standard/53820.html and https://www.iso.org/standard/71564.html — **iso.org 403s automated fetch; I verified the ISO/TR 23482-1 record (full title, 2020 date, publisher, committee) via** https://aistandardshub.org/ai-standards/robotics-application-of-iso-13482-safety-related-test-methods/",no. Both are purchase-only.,"ISO 13482 is the type-C safety standard whose scope actually covers your device class (personal care / assistive robots, including ""physical assistant"" and ""person carrier"" types). ISO/TR 23482-1 is the companion technical report that describes safety-related test methods for verifying ISO 13482 compliance, with the manufacturer selecting tests and parameters from their own risk assessment.","**none verified.** I could not read either document. The AI Standards Hub record confirms title, year, publisher and committee only, and explicitly does not detail which test methods are inside. **No numeric limits from ISO 13482 or ISO/TR 23482-1 are reported here, and none should be quoted second-hand.**","Two points for the design review. (1) **ISO 13482 is the standard you are nominally under, not ISO/TS 15066** — say so, then explain that you are transferring the 15066/5672 measurement apparatus because that is where the instrumentation and the published limits actually live. (2) ISO/TR 23482-1's structure — manufacturer derives the required tests from a risk assessment — means **your risk assessment is the document that justifies your test matrix.** Write it first; the test plan falls out of it.","**I** (standards, consensus documents, content unverified by me).","Paywalled (each roughly CHF 150–200+). ISO 13482 has been widely criticized as hard to apply and is under revision (a prEN/FDIS 13482 revision is in progress, retitled toward ""service robots""). **The blunt finding for this project: I found no freely readable, numeric, published impact-test protocol specific to ISO 13482.** If one exists it is inside these paywalled documents. ---"
C2,Jacobs-validationgap — Jacobs & Reiser (Fraunhofer IPA),"Jacobs, T., & Reiser, U. *Development of validation methods for safe mobile manipulation*. Fraunhofer Institute for Manufacturing Engineering and Automation IPA, Stuttgart. **Venue and year not confirmed** — internal evidence (refers to ISO 13482 as ""the future"" standard ""will be published in 2013"") places it at 2012–2013, most likely ROBOTIK/ISR 2012.","https://publica-rest.fraunhofer.de/server/api/core/bitstreams/08dd0971-8b60-4322-889f-055b28e54674/content — **I fetched and text-extracted this PDF and read the full text**; the Fraunhofer Publica landing page is bot-blocked and **Crossref returns no record**, so the venue is genuinely unverified.",yes (free PDF from Fraunhofer Publica).,States the gap plainly from inside the standards process: ISO 13482 gives detailed guidance on risk reduction and control-system design but **lacks the validation methods needed to prove that sufficient risk reduction was achieved**. Proposes developing validation criteria and evaluating them on Care-O-bot 3 as the reference system.,"**none reported.** The paper is about the methodological gap and the standards hierarchy (type A/B/C: ISO 12100 → ISO 13849 → ISO 13482); it contains no measured forces, velocities, or rig specifications.",Useful as the **citable statement that the assistive-robot validation gap is real and acknowledged by the people writing the standards** — that is the justification for your campaign borrowing cobot instrumentation. Nothing else; do not expect a method from it.,"**D** (position/concept paper, and with an unverified venue I would treat it as grey literature).","~13 years old, so its claim that the gap is unfilled is partly superseded by ISO/TR 23482-1 (2020) and ISO/PAS 5672 (2023). Mobile manipulator, not a compliant torso. **Cite with the venue caveat or not at all.** ---"
C2,"Bonsignorio-benchmarking — Bonsignorio & del Pobil, 2015","Bonsignorio, F., & del Pobil, A. P. (2015). Toward replicable and measurable robotics research [From the Guest Editors]. *IEEE Robotics & Automation Magazine*, 22(3), 32–35.","https://doi.org/10.1109/MRA.2015.2452073 — **the IEEE page returns no content to automated fetch; I verified authors, title, journal, volume, issue, pages and date via the Crossref API** (https://api.crossref.org/works/10.1109/MRA.2015.2452073), and the DOI resolves to IEEE document 7254310",no (IEEE paywall).,"The guest editorial introducing RAM's first Special Issue on Reproducible Robotics Research — the origin of the R-Article format (papers published with datasets, code, and hardware descriptions sufficient to replicate).",**none reported** (editorial; and I have not read the text).,"The citation to use when you justify releasing your raw impact data, CAD of the rig, and analysis scripts alongside the report. That is what distinguishes a measurement from an anecdote, and it costs you nothing. Note that Svarny 2022 released its dataset — follow that example.","**D** (editorial, and unread by me — bibliographic record verified only).","Not about safety or contact at all. General methodology framing. Weak evidence for anything physical. --- Everything marked **[cited]** comes from a source above. Everything marked **[inferred]** is my engineering judgement and must be defended on its own, not by citation. **Rig 1 — Biofidelic contact surrogate (the core instrument).** Build the two-stage stack that IFA describes and Zimmermann characterizes **[cited]**: rigid impact plate → calibrated compression spring → shore-specified elastomer pad → uniaxial load cell → rigid backing. Spring rate selected per body region from the CoboSafe CBSF range, **10–150 N/mm** **[cited, industry]**; for chest/abdomen/upper-arm contacts use the low end, and note that D'Antona's research device saturates above **~60 N/mm** **[cited]**, which is fine because your target regions are soft. Pad per Zimmermann: **SH10A at 21 mm, SH30A at 14 mm, or SH70A at 7 mm** **[cited]**. Sample force at **≥1 kHz**, filter with a **100 Hz Butterworth low-pass** **[cited]** — and prefer **10 kHz** if your DAQ allows, since transients are **6–10 ms** events **[cited, Haddadin]** and the review documents **10–25 % force underestimation during rapid transients** **[cited, Hartmann]**. Add pressure-measurement film at the contact face for distribution **[cited, GTE]**; an FSR matrix gives you pressure-vs-time but needs per-pixel calibration you probably will not do **[cited, D'Antona]** — report it as qualitative distribution only **[inferred]**. **Rig 2 — Gravity pendulum impactor.** Copy Alhaddad: suspended instrumented surrogate in a frame, pendulum impactor of known mass, drop height sets velocity, **240 fps video analyzed in Tracker** to measure the actual impact velocity **[cited]**. Use the same pendulum, run in reverse, to measure your arm's **effective mass** by Kirschner's momentum-inversion method **[cited]** — note the pendulum's own effective mass at the contact point must be computed from its inertia and contact radius (Kirschner: **l = 636 mm, m_p,eff = 3.663 kg**) **[cited]**. Whether ""effective mass"" is even a meaningful parameter for a deforming soft arm is an open question and a legitimate finding either way **[inferred]**. **Rig 3 — Quasi-static lean/push rig.** Take Monteleone's quasi-static protocols: **force ramp at 1 N/s** and **displacement ramp at 1.5 cm/s** **[cited]**, applied at chest height to the torso, measuring applied force, torso displacement, and the tipping/collapse point. A hand winch, an inline load cell, and a string potentiometer will do it **[inferred]**. This is the test that addresses ""an elderly person puts their weight on it,"" which is the hazard the cobot literature does not cover **[inferred]**. **Rig 4 — Pressurized-system integrity (if the design is fluidic).** Abidi & Cianchetti's hazard list — burst, jet impingement, entrapment **[cited]** — implies a proof-pressure test and a sustained-load hold. Neither has a published protocol in the sources I found; you would be writing it yourself **[inferred]**. **Measurement matrix.** Use the ISO/PAS 5672 taxonomy: **push (quasi-static, unconstrained), impact (dynamic, unconstrained), pinch (quasi-static, constrained), crush (dynamic, constrained)** **[cited]**, with **≥500 mm clearance** to qualify as unconstrained **[cited]**. Sample arm configuration and height, not just velocity — Svarny showed force varies **>100 %** across a workspace, and that **27 well-chosen states** are enough to fit a predictive map **[cited]**. Sweep velocity over roughly **0.1–0.5 m/s**, the band where the cobot limits bite **[cited, Svarny]**; add a **1–3 m/s** band on the pendulum rig if you want to characterize the worst-case runaway **[cited, Alhaddad]**. Use an orthogonal-array design (L9/L27) to keep the run count sane **[cited, Alhaddad]**. **Headline comparison.** Bare structure vs compliant-covered structure, matched velocities, same surrogate. Svarny's **~40 % transient force reduction** from passive skin is your benchmark to beat or fail to beat **[cited]**. Fit their extended force–velocity model that adds cover stiffness **k_s** and compressible thickness **d_s** in series with the body-part spring **[cited]**. **Pass/fail criteria.** Against the measured pain-onset limits, **not** the generic 280 N: for chest/sternum blunt impact the relevant figure is **~110 N impact / 80 N pinch**, and shoulder is **~100 N / 60 N** **[cited, Behrens]**. Quasi-static limits are the tighter case (ISO/TS 15066 applies **280 N for the first 0.5 s, 140 N after** **[cited, Svarny]**). For head impact, if you can generate one: **HIC₃₆ ≤ 650, 3 ms criterion ≤ 72 g** **[cited, Haddadin]** — though Haddadin's result that a light arm produces **HIC₃₆ < 25 at 2 m/s** **[cited]** means you will pass those trivially and should not present it as an achievement. **Apply a margin of at least 30 % below the limit** **[inferred]**, justified by the stacked uncertainties: **±10 % between certified devices** **[cited, Zimmermann]**, **10–25 % transient underestimation** and **±10 % on pressure film** **[cited, Hartmann]**, plus an uncharacterized home-built rig. Then state explicitly that pain-onset limits from a **working-age cohort of 112** **[cited, Behrens]** are **not** validated for elderly or rehab patients **[inferred]** — this is the most important caveat in your entire report and the reviewers will look for it. **Affordable vs needs a certified lab.** *Affordable (low hundreds to low thousands of USD):* spring-and-pad surrogate, uniaxial load cell + ≥1 kHz DAQ, gravity pendulum, 240 fps action camera + Tracker **[cited, Alhaddad]**, quasi-static winch pull with load cell, pressure-measurement film (single-use sheets), accelerometer-instrumented 3D-printed surrogate, orthogonal-array test design, open data release **[cited, Bonsignorio]**. *Needs a lab or a real budget:* certified CoboSafe/KDMG-KOLROBOT PFMD **[cited, GTE/IFA]**; Hybrid III dummy at 20 kHz in an ADAC-class facility **[cited, Haddadin]**; Kistler ±1 kN triaxial load cells and a calibrated four-bar pendulum **[cited, Behrens]**; Monteleone's 1200 N actuated balance testbed **[cited]**; FPGA/piezo pressure-mapping array **[cited, D'Antona]**; DMA for material storage modulus **[cited, Alhaddad]** — though a university materials lab likely has one. **Check first whether NYU already owns a PFMD or a Hybrid III component** before building anything **[inferred]** — that single email changes the whole plan. --- You can build a credible impact-safety rig for a few hundred dollars, and there is peer-reviewed precedent for every piece of it — the spring-and-elastomer surrogate, the gravity pendulum, the high-frame-rate-video velocity measurement, and the orthogonal-array test design are all published and all cheap. What you cannot do is claim compliance: you have no certified PFMD, no biofidelic calibration against published response corridors, and no accredited lab, so every number you produce is a *relative* comparison, not a *pass*. Lean into that — the strongest result available to you is bare-vs-covered at matched velocity, reported as a percentage force reduction against Svarny's ~40 % benchmark, with your raw data released. Your uncertainty will be worse than the ±10 % that certified devices disagree by and the 10–25 % underestimation those devices already suffer on transients, so do not report three significant figures and do not set a pass/fail margin tighter than about 30 %. The most important number in this file is not 280 N: it is Behrens's ~110 N for blunt impact on the sternum, because a torso contacts chests, and anyone quoting 280 N in your design review has read the wrong row of the wrong table. Two gaps will not be closed by the cobot literature at all, and they are the ones that will actually hurt someone — the quasi-static lean case, where Svarny showed soft covers stop helping, and the pressurized-structure failure modes Abidi and Cianchetti list, so budget for a lean-load ramp and a burst/proof-pressure test or accept that your campaign has a hole in it. Be equally blunt about the population: every limit you will cite comes from working-age subjects reporting pain onset, and your users are elderly and rehabilitation patients with thinner skin, weaker bone, and blunted pain reporting, which means the published numbers are an upper bound you should deliberately undercut, not a target you should hit. Finally, there is no published, freely readable impact-test protocol for ISO 13482 personal-care robots — I looked, and it is not there — so write your risk assessment first and derive your test matrix from it, because under ISO/TR 23482-1 that is what a manufacturer is expected to do anyway. ---"
D1,"CollisionSurvey — Haddadin, De Luca & Albu-Schäffer, 2017","S. Haddadin, A. De Luca, A. Albu-Schäffer, ""Robot Collisions: A Survey on Detection, Isolation, and Identification,"" *IEEE Transactions on Robotics*, 33(6), 1292–1312, 2017.","https://doi.org/10.1109/TRO.2017.2723903 — verified by fetching the TUM research-portal record (https://portal.fis.tum.de/en/publications/robot-collisions-a-survey-on-detection-isolation-and-identificati/), which shows authors, journal, volume, issue, pages, article number 8059840 and the DOI.",No (IEEE paywalled; the TUM record is metadata + abstract only).,"The reference taxonomy for the collision *event pipeline* — detection → isolation → identification → classification → reaction — using **proprioceptive sensors only** (motor current / joint torque + position), with the generalized-momentum residual as the workhorse estimator. Covers both rigid and flexible-joint (elastic-transmission) arms.",none reported in the record I fetched (metadata + abstract only). The abstract claims experimental comparison of the algorithms but the numeric results sit behind the paywall.,"This is the architecture spine for the ""provably gentle"" half of the question. It tells you that a torso+arm robot does **not** need a skin, a camera, or a wrist F/T sensor to know it hit someone: a model-based residual on the actuator side is enough, and the same residual gives you a *direction* to retreat along. Build your safety layer as residual → threshold → reaction-strategy switch.","A (definitive survey, top venue, by the people who invented the method; downgraded from A+ only because I could not read the experimental numbers).","Every method assumes you have a usable rigid/flexible-joint dynamic model `M(q)q̈ + C q̇ + g = τ`. A soft torso with a person leaning on it violates that: the ""model error"" from unmodeled body compliance, air-pressure dynamics and hysteresis will swamp the contact residual. On soft hardware the residual becomes a *change detector*, not a force estimator, and a sustained lean is exactly the signal it is worst at (see next entry's threshold discussion). ---"
D1,"DLR-Reaction — De Luca, Albu-Schäffer, Haddadin & Hirzinger, 2006","A. De Luca, A. Albu-Schäffer, S. Haddadin, G. Hirzinger, ""Collision Detection and Safe Reaction with the DLR-III Lightweight Manipulator Arm,"" *2006 IEEE/RSJ Int. Conf. on Intelligent Robots and Systems (IROS)*, Beijing, pp. 1623–1630, 2006.",https://doi.org/10.1109/IROS.2006.282053 — verified by fetching the author-hosted green-OA PDF at http://www.diag.uniroma1.it/~labrob/pub/papers/IROS06_DLR.pdf (full text extracted locally) plus the Semantic Scholar record for the DOI.,"Yes (green OA, author copy at DIAG Sapienza).","The concrete recipe: build a residual `r` from total energy or generalized momentum, threshold it component-wise, then switch the controller into one of four reaction strategies (0 = none, 1 = stop, 2 = zero-gravity float, 3 = reflex torque `τ = K_R · r`, 4 = admittance reaction on the motor side). Extends the whole thing to elastic joints, which is the closest rigid-robot analogue to a compliant arm.","High-level control loop **1 ms**, local joint control **333 µs**. Detection observer gain `K_I = 25·I`; reflex gains `K_R = 1.4·I` (strategy 3) and `0.05·I` (strategy 4). Detection thresholds set at **10 % of each joint's max output torque**, giving ""reliable detection without false alarms and with just a one-step delay (**1 ms**)"", but the current-control communication path added **4–6 ms** more, i.e. real end-to-end latency ≈ **5–7 ms**. Hardware: 13.5 kg arm, joint stiffness **10–15 × 10³ Nm/rad**, max joint torques 180 / 80 / 30 Nm, end-effector speed > 4 m/s. Impacts at cruise speeds 10–100 °/s; human collisions at contact speeds **up to ~1.5 m/s**. With no detection (strategy 0) the arm pressed the target to **35 Nm** at joint 4; all reactive strategies drove contact torque to zero. Human trials were **qualitative only** — the paper explicitly says instrumented testing would be needed to quantify impact forces.","Gives you numbers you can design against: the threshold-as-%-of-max-torque heuristic, the fact that comms latency (4–6 ms) dominates the estimator latency (1 ms), and the observation that **strategy 3 (reflex torque, i.e. become an admittance the human can push) felt smoothest to humans** — which is exactly the behaviour a lean-on torso needs. Copy this structure; do not copy the gains.","A (real hardware, explicit gains, explicit latency budget, honest about what was not measured).","Direct transfer risk is high. A person *leaning* on the torso is a slow, sustained, quasi-static contact — the worst case for a residual with a 10 %-of-max-torque threshold, because the lean load can look like model error or payload. The DLR arm is a stiff-link/elastic-joint machine; nothing here says the residual is well-conditioned when the *links themselves* deform. And the 1 ms loop assumes a hard-real-time joint bus; a hobby-grade servo bus at 50–100 Hz throws the whole latency argument away. ---"
D1,"HoganImpedance — Hogan, 1985","N. Hogan, ""Impedance Control: An Approach to Manipulation: Part I—Theory,"" *ASME Journal of Dynamic Systems, Measurement, and Control*, 107(1), 1–7, 1985. (Companion papers: Part II—Implementation, 107(1), 8–16; Part III—Applications, 107(1), 17–24.)",https://doi.org/10.1115/1.3140702 — verified by fetching the MIT-hosted PDF (https://bpb-us-e1.wpmucdn.com/sites.mit.edu/dist/5/1384/files/2025/02/1985-impedance-control-an-approach-to-manipulation-part-I-theory.pdf) and reading the title block and abstract directly; Part II/III page ranges cross-checked on the ASME Digital Collection listing.,Partial (author/institution-hosted copy of Part I is free; the ASME versions are paywalled).,"The founding argument. ""Control of position or force alone is inadequate; control of dynamic behavior is also required."" Because manipulation is nonlinear, impedance and admittance are **not** interchangeable, and — the sentence that decides your architecture — *given the environment contains inertial objects, the manipulator must be an impedance.* Also defines the nonlinear Norton-equivalent that separates commanded motion from commanded impedance.",none reported (theory paper).,"A human leaning on your torso is an inertial, energy-storing environment. Hogan's result says the robot should present itself as an impedance (accept motion, produce force) rather than an admittance (accept force, produce motion) *at the contact*. For this project that argues for: command a virtual spring-damper about a reference posture, and let the assistive force fall out of the deflection — not a force-servo loop chasing a setpoint. The Norton separation also gives you the clean split your team wants: one module plans the equilibrium trajectory, another sets stiffness/damping.",A (foundational; 40 years of downstream validation).,"Assumes you can *render* the impedance you command — i.e. actuator torque authority and bandwidth exceed the impedance you're asking for. A pneumatic/tendon soft arm cannot render an arbitrary impedance; its physical impedance is largely fixed by its construction and pressure, so much of your ""impedance design"" happens in the mechanical design phase, not the control code. Treat Hogan as the specification language, not as an implementable controller. ---"
D1,"AdmittancePHRI — Keemink, van der Kooij & Stienen, 2018","A. Q. L. Keemink, H. van der Kooij, A. H. A. Stienen, ""Admittance control for physical human–robot interaction,"" *The International Journal of Robotics Research*, 37(11), 1421–1444, 2018.","https://doi.org/10.1177/0278364918768950 — verified two ways: the Semantic Scholar Graph API record for the DOI, and the full green-OA PDF from the University of Twente repository (https://ris.utwente.nl/ws/files/29087621/admittance.pdf), text extracted locally.","Yes (green OA, UTwente repository).","The most practically useful single document on the impedance/admittance trade-off. States the trade-off cleanly and then *engineers* it: ""For admittance controlled devices it is easier to render stiff virtual surfaces and a challenge to render low inertia… Impedance control, on the other hand, is a better candidate to render low inertia but not to render stiff virtual surfaces."" Produces **seven design guidelines** (feed-forward, avoid force filtering, compensate post-sensor inertia, add virtual damping, modify the velocity reference, raise velocity-loop bandwidth, optimise for robot stiffness) each tied to a positive-real / passivity condition for coupled stability.","Worked baseline: making a **10 kg** device with damping feel like a **2 kg** pure inertia — a **factor-5** inertia reduction — is the stated performance target, and the guidelines exist because naive admittance loses passivity well before that. Example parameters used: `G_f = 5`, `µ_ff = 10 kg`, `β_ff = 2 Ns/m`, differential gain `k_d = 25 Ns²/m`. Notes industrial current-controller bandwidth is ""commonly > 2 kHz"". **No human subjects** — the paper is analysis + guidelines.","Decides the sensing question. Admittance control needs a real force sensor at the interaction port and a stiff, high-bandwidth inner velocity loop. Your torso has neither cheaply. Guideline 7 (""optimise for robot stiffness"") and the internal-flexibility analysis are the direct warning: **structural compliance between the force sensor and the actuator destroys admittance-control passivity**, which is the defining condition of a soft arm. This paper is the strongest single argument in the pile for *not* doing admittance control on this robot.","A (rigorous, open, immediately actionable, and it tells you when its own method fails).","Single-DOF, idealised-stiff analysis; the authors say so. It gives you conditions to *avoid*, not a controller for a soft multi-segment torso. Zero human-subject data, so nothing here speaks to comfort or perceived safety. ---"
D1,"ProiettiALS — Proietti et al., 2023","T. Proietti, C. O'Neill, L. Gerez, T. Cole, S. Mendelowitz, K. Nuckols, C. Hohimer, D. Lin, S. Paganoni, C. J. Walsh, ""Restoring arm function with a soft robotic wearable for individuals with amyotrophic lateral sclerosis,"" *Science Translational Medicine*, 15(681), eadd1504, 2023.","https://doi.org/10.1126/scitranslmed.add1504 — verified by fetching the Europe PMC REST record (core result, PMID 36724237), which returned the full author list, journal, volume/issue, year and verbatim abstract. Crossref record fetched as a cross-check.",No (Europe PMC reports subscription-only).,"A textile inflatable shoulder-assist wearable evaluated on **10 people with ALS**, i.e. exactly the clinically fragile, variable-impairment population this project claims. Immediate improvement in active range of motion, improved ADL performance **with no training**, reduced shoulder EMG and perceived exertion, increased holding endurance, and — the important design property — the device is **mechanically transparent when unpowered**.","**150 g added per arm**; **10 participants** with ALS at differing impairment levels; **2 participants followed for 6 months** showing compensation for continued deterioration. Force-tracking error, bandwidth and commanded-stiffness figures: not reported in the abstract, and the full text is paywalled — so **not verified**.","The single best evidence in this set that soft, low-authority, *non-force-servoed* assistance produces measurable clinical benefit in the target population. Two design rules fall out: (1) unpowered mechanical transparency is a safety feature and a usability feature — design your torso so a powered-off failure is a benign failure; (2) assistance can be delivered as a slowly-modulated pressure/torque profile rather than a closed-loop force setpoint and still be worth something to a patient.","A (human subjects, clinical population, top translational venue).","A wearable is grounded on the user's own skeleton; your torso is grounded on the floor and must resist a lean without tipping. Nothing here addresses balance, tipping, or the reaction load path through a freestanding base. Also shoulder *elevation assist* is a single-DOF, mostly gravity-compensating task — far easier than a commanded assistive force in an arbitrary direction. n = 10, single-arm study, no control group. ---"
D1,"UFIC — Haddadin & Shahriari, 2024","S. Haddadin, E. Shahriari, ""Unified force-impedance control,"" *The International Journal of Robotics Research*, 43(14), 2112–2141, 2024. (Builds on C. Schindlbeck, S. Haddadin, ""Unified passivity-based Cartesian force/impedance control for rigid and flexible joint robots via task-energy tanks,"" *ICRA 2015*, pp. 440–447, https://doi.org/10.1109/ICRA.2015.7139036.)","https://doi.org/10.1177/02783649241249194 — verified via the Semantic Scholar Graph API record for the DOI (title, authors, journal, volume, pages, full abstract, CC-BY-NC hybrid status). The ICRA 2015 predecessor verified independently via the Crossref REST record (DOI, pages 440–447).","Partial (hybrid, CC-BY-NC per the S2 record; the SAGE PDF endpoint refused my fetch, so I could not read the body).","How to get *exact force regulation* and *compliance* out of one controller instead of switching between them, with passivity guaranteed by **energy tanks**, for both rigid and flexible-joint robots, and with either measured or model-estimated contact force. Explicitly attacks the failure mode that should scare this project: abrupt, dangerous motion on **contact loss** — the thing that happens when the person leaning on your torso suddenly stands up.","none verified (abstract only; the experimental section is behind the SAGE paywall and my fetch returned HTTP 403). The abstract claims simulation plus ""various experiments"" and rigorous stability analysis for arbitrary passive environments.","This is the *right* answer to the assigned design question and almost certainly the wrong answer for a senior-design timeline. If you do implement force tracking on top of impedance, steal exactly two ideas: the energy tank (a scalar state that bounds how much energy the controller may inject) and the contact/non-contact stabilisation shaping function (ramp the force command in and out instead of switching).","B (top journal, rigorous, but I could not verify a single experimental number, and it has no human-subject validation).",Assumes a serial rigid or flexible-joint robot with a trustworthy dynamic model and joint torque sensing or good contact-force estimation. Your soft torso has none of those. Implementing UFIC correctly is a graduate-thesis-scale task. ---
D1,"TankVSC — Ferraguti, Secchi & Fantuzzi, 2013","F. Ferraguti, C. Secchi, C. Fantuzzi, ""A tank-based approach to impedance control with variable stiffness,"" *2013 IEEE Int. Conf. on Robotics and Automation (ICRA)*, pp. 4948–4953, 2013.","https://doi.org/10.1109/ICRA.2013.6631284 — verified via the Crossref REST record (DOI, exact title, all three authors, container title, pages 4948–4953, year).",No.,"The canonical energy-tank construction: time-varying stiffness can inject energy and destabilise an interaction, so you attach a virtual tank fed by dissipated power and only permit stiffness changes the tank can pay for. Result: **passivity for any choice of stiffness matrix**, in free motion and in contact.","none verified — I confirmed the bibliographic record and the method's claim via the Crossref record and the paper's widely-quoted abstract statement, but did not reach the full text, so I report no experimental figures.","If your team wants ""gentle when the person is passive, firmer when they need a real assist,"" you are doing variable stiffness, and variable stiffness is where naive impedance control stops being provably safe. The tank is about **twenty lines of code**: one scalar energy state, integrate dissipated power in, subtract the cost of stiffness increases, clamp stiffness when the tank empties. This is the single highest value-per-line safety mechanism available to you.","B (well-established, heavily cited, but numbers unverified here and the demonstration is a rigid manipulator).","Passivity guarantees the robot injects no unbounded energy. It does **not** guarantee the *forces* stay below an injury threshold, and it does not guarantee the robot stays upright. A perfectly passive torso can still be passively too stiff for a frail person. You need a force/torque cap on top of the tank, not instead of it. ---"
D1,"AR3n — Pareek, Nisar & Kesavadas, 2023","S. Pareek, H. Nisar, T. Kesavadas, ""AR3n: A Reinforcement Learning-Based Assist-as-Needed Controller for Robotic Rehabilitation,"" *IEEE Robotics & Automation Magazine*, 2023. Preprint arXiv:2303.00085.","https://doi.org/10.48550/arXiv.2303.00085 (IEEE version: https://ieeexplore.ieee.org/document/10158787/) — verified by fetching the arXiv abstract page (authors, journal-ref ""IEEE Robotics and Automation Magazine, 2023"") **and** the accepted-version PDF, whose text I extracted locally to read the human-subject section.",Yes (arXiv accepted version).,"Assist-as-needed assistance modulated by an RL policy against a *virtual patient model*, so the controller does not need per-patient tuning or a per-patient physical model — the standard objection to classical AAN. Benchmarked head-to-head against a conventional rule-based error-reduction (ER) controller.","**8 healthy subjects** (5 M / 3 F, mean age 26, range 19–33), IRB #15990, single session, three trials each (baseline / training / post). Robot sampled at **1000 Hz**; the RL environment runs at **50 Hz** with a history window n = 25. Reward weights λ_T = 1, λ_N = 0.4 chosen experimentally. SAC beat PPO on training reward. The paper concedes the study was ""conducted on a fairly small pool of healthy subjects."" Force-tracking error in newtons: not reported in those terms.","Useful mainly as a *negative* result for your scope. It confirms the real problem in AAN is the patient model, and it solves that with an RL policy trained in simulation — which needs a simulator of your plant. You do not have a trustworthy simulator of a soft torso. The transferable idea is much cheaper: **penalise assistance magnitude and assistance rate-of-change in whatever rule you use**, which is what makes AR3n's profiles smooth versus ER's step-like bursts.","B (real human subjects with numbers, open preprint; downgraded for n = 8 healthy, single session, magazine-tier venue, and a rigid planar device).","Healthy young subjects, a handwriting task on a stiff planar manipulandum, and an artificially induced ""impairment"" (non-dominant hand + mirrored axes). None of that is an elderly person leaning on a compliant torso. The 50 Hz policy rate is fine for assistance modulation but far too slow for a safety reflex — do not put the learned policy in the safety path. ---"
D1,"ShoulderExosuit — Zhou et al., 2024","Y.-M. Zhou, C. J. Hohimer, H. T. Young, C. M. McCann, D. Pont-Esteban, U. S. Civici, Y. Jin, P. Murphy, D. Wagner, T. Cole, N. S. Phipps, H. Cho, F. Bertacchi, I. Pignataro, T. Proietti, C. J. Walsh, ""A portable inflatable soft wearable robot to assist the shoulder during industrial work,"" *Science Robotics*, 9, 2024.","https://doi.org/10.1126/scirobotics.adi2377 — verified via the Semantic Scholar Graph API record for the DOI (full author list, journal, volume, year, abstract). The Science site itself returned HTTP 403 to my fetch.",No (S2 reports CLOSED).,"A shirt-form inflatable shoulder assist driven by a **kinematics-based controller** (IMU-driven, not force-servoed) reduced shoulder muscle activity by up to 40 % in simulated industrial tasks, with minimal change to joint angles, and the controller was robust to equipment malfunction. Piloted with real factory workers.","up to **6.6 N·m** shoulder assist torque; **up to 40 %** reduction in agonist muscle activity (anterior/middle/posterior deltoid, biceps brachii); assistance cycled on/off **6 times per minute**. Exact participant count not stated in the record I fetched — the abstract says ""human participant evaluations"" plus factory-worker pilot testing, so I list it as **not verified**.","The blunt lesson for your team: a **kinematics-triggered, open-loop-in-force** assist delivered a 40 % measurable physiological benefit with no force feedback loop at all. If your success metric is ""measurable assistive force,"" a well-characterised pressure→force map plus a posture-triggered state machine may hit your spec, and it is a tenth of the engineering of a closed-loop force controller.","B (strong venue, real users, good numbers; downgraded because it is a wearable, closed-access, and the subject count is unverified).",Same grounding problem as ProiettiALS — the suit reacts against the wearer's skeleton. 6.6 N·m against your own shoulder is not the same problem as reacting a leaning adult's body weight through a freestanding base. Assistance cycling at 0.1 Hz says nothing about your reflex bandwidth needs. ---
D1,"AAN-EMG — Arantes, Bressan, Borges & McGibbon, 2023","A. P. Arantes, N. Bressan, L. R. Borges, C. A. McGibbon, ""Evaluation of a novel real-time adaptive assist-as-needed controller for robot-assisted upper extremity rehabilitation following stroke,"" *PLOS ONE*, 18(10), e0292627, 2023.",https://doi.org/10.1371/journal.pone.0292627 — verified by fetching the full open-access text at PMC (https://pmc.ncbi.nlm.nih.gov/articles/PMC10566685/).,"Yes (CC-BY, PMC10566685).","An EMG-driven adaptive AAN controller that assists when the user is *trying* (EMG present) but not moving, and progressively switches to **resistance** as performance improves — an explicit anti-slacking design. Tested on real stroke patients with EMG + EEG instrumentation.","**5 chronic stroke participants** (mean age ~66, Fugl-Meyer 36–65). Assistance/resistance authority band **−6 N to +6 N**. EMG trigger threshold **20 %** of baseline maximum entropy amplitude; six upper-extremity muscles monitored; 9-channel EEG, beta band 16–24 Hz. Significant EMG increase during training (paired t = 3.73, p = 0.02); EEG changes non-significant.","Two directly usable facts. First, a **±6 N** authority band was clinically meaningful for stroke patients — that is a defensible order of magnitude for your assistive-force spec, and it is small enough to be safe. Second, intent detection does not require a force sensor at the contact: a crude EMG-or-effort gate plus a deadband is enough to distinguish ""the user is trying"" from ""the user is slacking."" A load-cell threshold in your torso can play the same role.","C (real patients, fully open, honest reporting — but n = 5, pilot, no control group, and the primary outcome was an EMG surrogate, not function).","Planar horizontal arm task on a rigid haptic device. Says nothing about compliant plants, contact safety, or a person putting body weight into the robot. n = 5 cannot support any efficacy claim; cite it for the force magnitude and the controller logic, never as evidence that AAN works. ---"
D1,"SoftModelBased — Della Santina, Katzschmann, Bicchi & Rus, 2020","C. Della Santina, R. K. Katzschmann, A. Bicchi, D. Rus, ""Model-based dynamic feedback control of a planar soft robot: trajectory tracking and interaction with the environment,"" *The International Journal of Robotics Research*, 39(4), 490–513, 2020.","https://doi.org/10.1177/0278364919897292 — verified via the Semantic Scholar Graph API record for the DOI (authors, journal, volume, pages, verbatim abstract, bronze-OA status).",Partial (S2 reports bronze OA at SAGE; the PDF endpoint refused my fetch).,"The key structural result for controlling soft arms: under a **piecewise constant curvature (PCC)** assumption, soft-robot dynamics can be mapped *exactly* onto an equivalent rigid robot with elastic joints — which means the entire elastic-joint control literature (including De Luca's residual and Hogan's impedance) becomes importable. Presents the first closed-loop *dynamic* controllers for a continuous soft robot: trajectory tracking and **surface following**, both designed to preserve the robot's natural softness during interaction.","none verified (abstract only; SAGE returned HTTP 403). The abstract reports analytic proofs, extensive simulation, and experiments on a physical planar soft robot, but no figures I could read.","This is your justification for treating each soft arm as an elastic-joint rigid arm in the controller, and for using PCC as the state parameterisation rather than a full Cosserat rod. ""Surface following while preserving softness"" is structurally the same problem as ""maintain contact force against a torso a person is leaning on.""","B (top journal, important idea, but planar-only, single lab, and unverified numbers).","PCC assumes constant curvature per segment and breaks under exactly the load case you care about — a **concentrated external load mid-segment**, i.e. someone leaning on the middle of an arm. It is planar; your torso is spatial and must also handle gravity in a way a planar testbed never does. Model identification for a real soft arm is a semester of work by itself. ---"
D1,"SoftForceTracking — Tang, Xin, Wang & Laschi, 2024","Z. Tang, W. Xin, P. Wang, C. Laschi, ""Learning-Based Control for Soft Robot–Environment Interaction with Force/Position Tracking Capability,"" *Soft Robotics*, 11(5), 767–778, 2024.","https://doi.org/10.1089/soro.2023.0116 — verified via the Semantic Scholar Graph API record for the DOI (authors, journal, volume, pages, abstract).",No (S2/Unpaywall report no OA copy).,"Simultaneous **force and position** tracking on a soft manipulator with no prior model of either the robot's dynamics or the environment: probabilistic MPC feedforward plus a non-parametric learned feedback term, adapting online. Demonstrated against a **manikin**, which is the closest thing in this pile to your use case.",none verified (paywalled; the abstract claims it outperformed comparable data-driven alternatives but gives no figures I could read).,The existence proof that force tracking on a soft arm against a human-shaped target is possible without a model — and simultaneously the warning about what it costs: a probabilistic MPC plus online non-parametric learning is not a senior-design deliverable. Cite it to justify the *goal*; do not cite it as a plan.,"C (right problem, right venue, but zero verified numbers, single platform, no human subjects — a manikin is not a person).","A manikin is passive, rigid-ish and does not push back, get startled, or shift its weight. Data-driven controllers trained on one environment degrade silently when the environment changes; on a robot a frail person leans on, a silent degradation is a safety event. Nothing in this approach is provably gentle. ---"
D1,"VICReview — Abu-Dakka & Saveriano, 2020","F. J. Abu-Dakka, M. Saveriano, ""Variable Impedance Control and Learning—A Review,"" *Frontiers in Robotics and AI*, 7, 590681, 2020.",https://doi.org/10.3389/frobt.2020.590681 — verified by fetching the full open-access article at Frontiers.,"Yes (Frontiers, CC-BY).","The map of the variable-impedance field, split into variable impedance *control* (VIC), *learning* (VIL) and *learning control* (VILC). Its most useful line for your team is the admission that **""stability in VIC is not a trivial problem""** — and that the two credible routes to a guarantee are passivity theory (no environment model needed) and Lyapunov constraints on the impedance matrices.","**none reported** — verified by reading the full text; the paper is methodological taxonomy with no stiffness ranges, bandwidths or benchmark figures anywhere.","Use it to scope, not to build: it tells you that if you vary stiffness you must pair it with a passivity mechanism (→ TankVSC), and it lets you honestly say in your report that you surveyed the VIC landscape and deliberately chose the simplest rung.","B (comprehensive, open, well-organised; it's a review, so it is evidence *about* the literature, not about hardware).","Rigid-manipulator-centric. Almost nothing on soft plants, nothing on human subjects, and no numbers at all — so it cannot settle any quantitative design question for you. ---"
D1,"RodControlReview — Alessi et al., 2024","C. Alessi, C. Agabiti, D. Caradonna, C. Laschi, F. Renda, E. Falotico, ""Rod models in continuum and soft robot control: a review,"" arXiv:2407.05886 (submitted 8 July 2024; revised 2026).","https://doi.org/10.48550/arXiv.2407.05886 — verified by fetching the arXiv abstract page (title, all six authors, dates, abstract).",Yes (arXiv preprint).,"Survey of Cosserat-rod and reduced-order rod theories specifically from a **control** standpoint — which rod formulations are cheap enough to sit inside a controller, and how they feed both model-based and learned control for manipulation and physical interaction.",none reported (review).,"Bounds your modelling ambition. It confirms the ladder PCC → piecewise-affine curvature → discrete Cosserat, with computational cost rising at each rung. For a senior-design build, this review's existence is the argument for stopping at the *bottom* rung: you do not need a Cosserat rod to command a stiffness.","C (preprint, not peer-reviewed at the version I fetched; useful as a signpost, not as evidence).","A review of models, not of assistive control. No contact-safety content, no human data. Every rod model in it still requires material parameter identification on your actual hardware, which is the part that eats the schedule. --- Build a **joint-space impedance controller with gravity compensation, a commanded equilibrium posture, and a generalized-momentum residual watching for unexpected contact** — and nothing more clever than that. Hogan's result settles the top-level choice: your environment (a leaning human) is inertial, so the arm must behave as an impedance, and Keemink's flexibility analysis kills the admittance alternative outright, because structural compliance between your force sensor and your actuator is exactly the condition under which admittance control loses passivity — and that compliance is the entire point of your robot. Get your ""commanded assistive force"" from deflection against a known virtual stiffness (force = K · Δx) with a **characterised, calibrated pressure/tendon→force map**, not from a force-servo loop; ShoulderExosuit got a 40 % EMG reduction with a purely kinematics-triggered assist and no force feedback at all, and AAN-EMG shows **±6 N** was clinically meaningful on stroke patients, so a modest, open-loop-in-force assist is a defensible spec rather than a cop-out. Add exactly two safety mechanisms: a **hard saturation on commanded force/torque** sized to your injury budget, and a **scalar energy tank** gating any stiffness increase (TankVSC is ~20 lines and is the only thing in this pile that buys you a provable gentleness claim). For collision reaction, copy DLR-Reaction's *structure* — residual, threshold, switch to a reflex/admittance mode that lets the human push the arm away — but treat their numbers as unreachable: their 1 ms detection assumed a hard-real-time bus, and their real end-to-end latency was already 5–7 ms once comms were counted, so budget **20–50 ms** on realistic student hardware and say so in the report. Over-reach, to name it plainly: unified force-impedance control with energy tanks (UFIC), learned force/position tracking (SoftForceTracking), RL-based assist-as-needed (AR3n), and any Cosserat-rod model in the control loop are all graduate-thesis-scale and will consume your semester without producing a working demo. The single biggest evidence gap you must not paper over: **not one paper here validates interaction control on a freestanding soft torso that a person puts body weight into** — every human-subject result in this set is either a wearable grounded on the user's own skeleton or a rigid, bolted-down planar manipulandum, so your tipping/balance and sustained-quasi-static-lean cases are genuinely un-derisked by the literature and need their own bench test. Also be honest in the report that a momentum residual degrades from a force estimator to a crude change-detector on a soft plant, and that a slow lean is its worst-case input — which is precisely why the force saturation, not the residual, is your real safety guarantee."
E1,"Cochrane-RAT — Mehrholz et al., 2018","Mehrholz J, Pohl M, Platz T, Kugler J, Elsner B. Electromechanical and robot-assisted arm training for improving activities of daily living, arm function, and arm muscle strength after stroke. *Cochrane Database of Systematic Reviews* 2018;9(9):CD006876.",10.1002/14651858.CD006876.pub5 — verified via eutils PMID 30175845 (PMCID PMC6513114). The Cochrane Library HTML/PDF returns 403 to automated fetch; the indexed record carries the full abstract including all effect sizes.,"partial (abstract free; full review paywalled outside Cochrane subscription — PMC6513114 exists, check institutional access).","The single most authoritative synthesis: across 45 RCTs, robot/electromechanical arm training produces small but statistically reliable improvements in ADL, arm function and arm strength, with high GRADE quality and rare adverse events. It explicitly refuses to claim superiority over dose-matched conventional therapy.","45 trials, 1619 participants. ADL: SMD **0.31** (95% CI 0.09–0.52), p=0.0005, I²=59%, 24 studies, 957 participants, high-quality evidence. Arm function: SMD **0.32** (95% CI 0.18–0.46), p<0.0001, I²=36%, 41 studies, 1452 participants. Arm muscle strength: SMD **0.46** (95% CI 0.16–0.77), p=0.003, I²=76%, 23 studies, 826 participants. Dropout risk difference **0.00** (95% CI −0.02 to 0.02), I²=0%. Adverse events ""rare"". No force, torque or ROM figures.","This is the evidence base the team cites to justify the project existing at all — and the honesty constraint on every claim made about it. An SMD of ~0.3 is a *small* effect. It also sets the safety baseline: a device in this class is expected to produce essentially zero excess dropout and rare adverse events, which becomes a design requirement, not a nice-to-have.",**A** (systematic review + meta-analysis of RCTs).,"Authors themselves warn results must be read with caution because of variation in training intensity, duration, amount, device type, participant characteristics and outcome measures. Every trial is stroke-specific and therapist-supervised in a clinic. Nothing here transfers to an unsupervised care-home setting, and nothing here covers a *freestanding torso* that a person makes contact with — all included devices are grounded end-effector or exoskeleton machines with the patient seated and attended."
E1,"RATULS — Rodgers et al., 2019","Rodgers H, Bosomworth H, Krebs HI, van Wijck F, Howel D, Wilson N, et al. Robot assisted training for the upper limb after stroke (RATULS): a multicentre randomised controlled trial. *The Lancet* 2019;394(10192):51–62.",10.1016/S0140-6736(19)31055-4 — fetched PMC6620612 (full text).,yes (PMC6620612).,"The largest, most pragmatic head-to-head test of upper-limb robot therapy. Robot-assisted training with MIT-Manus/InMotion did **not** beat an intensity-matched conventional therapy programme, and did not beat usual care, on the primary functional outcome. It did reduce impairment slightly versus usual care.","n=770 randomised (robot 257, enhanced upper-limb therapy 259, usual care 254). Dose: **45 min/session, 3×/week, 12 weeks** (36 sessions); actual delivered median **23 h 28 min** robot, **24 h 40 min** EULT. Primary outcome (ARAT ""success"") at 3 months: robot 103/232 (**44%**), EULT 118/234 (**50%**), usual care 85/203 (**42%**); robot vs usual care adjusted OR **1.17** (98.3% CI **0.70–1.96**) — null. Fugl-Meyer motor, robot vs usual care: adjusted mean difference **2.79** (98.3% CI 0.66–5.01) at 3 months, **2.54** (0.07–5.06) at 6 months. Serious adverse events: 43 in 39 robot participants, 42 in 33 EULT, 29 in 20 usual care; **none related to the trial intervention**.","Sets the session protocol the team should default to (45 min × 3/week × 12 weeks ≈ 24 h) and sets the honest expectation ceiling. Also: the FM gain of ~2.8 points is *below* the clinically important difference (see #11), which the design review will notice if the team doesn't say it first.","**A** (large multicentre RCT, blinded assessors).","Moderate-to-severe impairment, 1 week to 5 years post-stroke, four UK centres, supervised throughout. Participants, therapists and analysts unmasked for the intervention itself. Says nothing about elderly non-stroke users, postural support, or unsupervised use."
E1,"ARMin-RCT — Klamroth-Marganska et al., 2014","Klamroth-Marganska V, Blanco J, Campen K, Curt A, Dietz V, Ettlin T, et al. Three-dimensional, task-specific robot therapy of the arm after stroke: a multicentre, parallel-group randomised trial. *Lancet Neurology* 2014;13(2):159–166.",10.1016/S1474-4422(13)70305-3 — verified via eutils PMID 24382580.,no (abstract only).,The definitive trial of an *exoskeleton* (ARMin) rather than an end-effector robot. Robot therapy beat conventional therapy on Fugl-Meyer — but by an amount the authors themselves call clinically questionable.,"n=77 enrolled, 73 analysed (38 robot, 35 conventional). Chronic (>6 months), moderate-to-severe arm paresis. Dose: **≥45 min, 3×/week, 8 weeks, 24 sessions**. Primary outcome FMA-UE: F=4.1, p=0.041, **mean difference 0.78 points (95% CI 0.03–1.53)**. No serious adverse events related to the study.",Confirms 45 min × 3/week as the field-standard session. More importantly it is the cleanest available statement that exoskeleton assistance produces a *sub-MCID* impairment change — the team must not promise motor recovery as its primary claim.,"**A** (multicentre RCT, masked assessors).","Chronic stroke only, n=77, therapists and patients unmasked, Swiss rehabilitation centres. 0.78 FM points is roughly one-fifth of the smallest clinically important difference."
E1,"T-WREX-RCT — Housman, Scott & Reinkensmeyer, 2009","Housman SJ, Scott KM, Reinkensmeyer DJ. A randomized controlled trial of gravity-supported, computer-enhanced arm exercise for individuals with severe hemiparesis. *Neurorehabilitation and Neural Repair* 2009;23(5):505–514.",10.1177/1545968308331148 — verified via eutils PMID 19237734.,no (abstract only).,"A **passive, purely elastic** gravity-balancing orthosis (five DOF, counterbalanced with elastic bands) delivered clinically real, sustained gains in severe hemiparesis with only ~4 minutes of therapist contact per session. This is the closest published analogue to a low-power compliant assistive arm.","n=28 chronic stroke, moderate/severe hemiparesis. Dose: **twenty-four 1-hour sessions**; therapist assistance **≈4 min/session**. Fugl-Meyer at 6-month follow-up: T-WREX **+3.6 ± 3.9** vs tabletop control **+1.5 ± 2.7** points (p=0.04). Active reaching ROM and Motor Activity Log improved in both groups. Device is passive — no motor torque figure exists because there is no motor.","The single best argument in the literature that **you do not need high actuator torque to be clinically useful — you need arm-weight support plus feedback**. Also gives the supervision budget: ~4 min of human attention per 60 min session is achievable, which is the realistic target for a semi-autonomous device.","**A** (RCT, blinded rater).","Small (n=28), chronic severe hemiparesis only, clinic-based with a therapist on site, no attempt at postural support or trunk contact. The absolute between-group difference (2.1 FM points) is well under the MCID."
E1,"Dose-response — Lohse, Lang & Boyd, 2014","Lohse KR, Lang CE, Boyd LA. Is more better? Using metadata to explore dose-response relationships in stroke rehabilitation. *Stroke* 2014;45(7):2053–2058.",10.1161/STROKEAHA.114.004695 — verified via eutils PMID 24867924 (PMCID PMC4071164).,yes (PMC4071164).,"Meta-analysis/meta-regression across non-dose-matched RCTs: more scheduled therapy time predicts more improvement, independent of time since stroke.",Pooled effect of higher vs lower dose **g = 0.35 (95% CI 0.26–0.45)**. Time scheduled for therapy was a significant independent predictor of improvement. Authors state that *time scheduled* is a poor dose proxy and that **active time in therapy or repetitions** would be preferable.,"This is the project's real value proposition and it should be written into the requirements as such: a machine that is available for more hours than a therapist is the mechanism of benefit, not superior kinematics. It also tells the team what to instrument — **count repetitions and active time**, not session minutes.",**A** (meta-analysis of RCTs).,"Dose is confounded with attention and engagement; trials were not dose-matched by design, so the comparison is inherently unbalanced. Stroke only."
E1,"MIT-MANUS — Krebs, Hogan, Aisen & Volpe, 1998","Krebs HI, Hogan N, Aisen ML, Volpe BT. Robot-aided neurorehabilitation. *IEEE Transactions on Rehabilitation Engineering* 1998;6(1):75–87.",10.1109/86.662623 — fetched PMC2692541 (full text); identity confirmed via NCBI esummary (PMID 9535526).,yes (PMC2692541).,"The origin document for impedance-controlled, backdrivable rehabilitation robotics, and the only place that states the *design rationale* for the end-effector force target in human terms.","Endpoint force capability **0–45 N**; the stated design target was **28 N**, chosen because it ""corresponds to the arm strength during elbow extension for a weak woman in seated position."" Endpoint inertia **1 ± 0.33 kg**, max anisotropy 2:1. Endpoint friction **0.84 ± 0.28 N**. Achievable endpoint impedance **0–2 N/mm** as stated in the retrieved full text (secondary sources quote 0–8 N/mm for later builds — use 0–2 N/mm, that is what the 1998 paper says). Planar module 2 DOF, wrist module +3 DOF. Clinical trial: 20 patients (10 robot, 10 standard); FM-UE change **14.1 ± 9.7** vs **9.9 ± 11.2** (p=0.19, null); Motor Status shoulder/elbow **9.4 ± 5.9** vs **0.8 ± 3.8** (p=0.00065). Training: **4–5 h/week**, ~**1500 repetitions** of the task, ~7 weeks.","**This is the single most important number in this file.** The 28 N end-effector target is the only clinically-argued assistive-force spec in upper-limb rehab robotics, and 45 N is the field's de facto ceiling. A soft arm that can produce 25–30 N at the hand is in-spec; one that produces 5 N is not. The endpoint inertia (~1 kg) and friction (<1 N) numbers are the *transparency* budget — a soft arm that a patient must drag around is worse than no arm.",**B** (hardware validated with patients; the embedded clinical trial is a small RCT but underpowered and the primary FM comparison was null).,"Planar, seated, grounded end-effector. n=20. Impedance control on a rigid low-inertia linkage is a fundamentally different plant from a soft compliant arm — the transparency figures are an aspiration, not a transferable spec."
E1,"ALS-exosuit — Proietti et al., 2023","Proietti T, O'Neill C, Gerez L, Cole T, Mendelowitz S, Nuckols K, Hohimer C, Lin D, Paganoni S, Walsh C. Restoring arm function with a soft robotic wearable for individuals with amyotrophic lateral sclerosis. *Science Translational Medicine* 2023;15(681):eadd1504.",10.1126/scitranslmed.add1504 — verified via eutils PMID 36724237.,no (abstract only; Harvard Biodesign hosts a preprint copy — check biodesign.seas.harvard.edu).,"The state of the art in *soft* upper-limb assistance with real patients: a textile inflatable shoulder-elevation exosuit that is mechanically transparent when unpowered, works without training, and immediately expands active ROM in people with neuromuscular weakness.","**150 g added per arm.** n=10 people with ALS; 2 followed over **6 months**. Immediate improvement in active ROM; reduced shoulder EMG and perceived exertion; increased object-holding endurance; restored basic ADL performance. Actuator torque is not stated in the abstract (**not verified** — a related Harvard shoulder actuator has been reported at ~16 Nm at 90° abduction and 136 kPa, but I could not retrieve a primary record confirming that figure, so the team must not cite it).","Proves the central premise: a soft, low-mass shoulder assist is clinically meaningful for weakness even when it provides *no* motor recovery. Sets the transparency requirement — the device must be near-zero-impedance when off. The ""works with no training"" result is the usability bar for an elderly user.","**B** (hardware validated on patients; single-arm, no control group).","ALS, not stroke or frailty; n=10; supervised laboratory sessions; wearable rather than freestanding, so the reaction force goes into the wearer's own torso, not into a floor-standing base. The transparency claim depends on the suit being worn, which a freestanding torso cannot replicate."
E1,"Scapular-stretch-robot — Isobe et al., 2026","Isobe K, Hirokawa M, Suzuki Y, Kadone H, Shimizu Y, Suzuki K. Shoulder-wearable soft robot for assisting older adults in scapular stretching. *Wearable Technologies* 2026;7:e8.",10.1017/wtc.2026.10044 — fetched PMC13280861 (full text).,yes (PMC13280861).,"The only retrieved study that applies a soft robot to **healthy older adults** for passive ROM/stretching (not stroke rehab), and the only one that publishes an explicit force safety envelope for that population.","n=9 men, mean age **70.9 ± 2.6 y** (range 68–74). Target actuator-side cable tension **98.0–137.3 N (10–14 kgf)**; delivered force lower because of cable friction. Safety limit **F_max = F_ref + 19.6 N**. **Emergency stop within 25 ms.** Loading phase **≈8 s** (deliberately slower than the ~2 s of manual therapy), hold **≤5 s**, **10 stretches per session**. Robot-assisted stretch produced no significant difference from manual therapist stretching on scapula–spine distance; younger-adult comparison showed a 5.1 mm (7.1%) shortfall. Experimenter required within 2 m throughout.","The most directly transferable requirement source in this file for *this* project. It gives (a) an assistive force band for elderly passive ROM at the shoulder, (b) an explicit overload margin (+19.6 N over reference), (c) a **25 ms e-stop latency requirement**, and (d) a movement-speed requirement: assistive motion for older adults should be roughly **4× slower than manual therapy** — of order 8 s to load a stretch, not 2 s.","**C** (pilot/feasibility, n=9, healthy older adults, no control condition beyond within-subject manual comparison).","Nine healthy men, all 68–74, no frailty, no pathology, no women. Wearable, not freestanding. Supervised with an operator within 2 m — explicitly *not* an unsupervised-care-setting result. Force is reported at the actuator, not at the skin interface, so the actual contact load on the shoulder is unknown."
E1,"Soft-UL-review — Bardi et al., 2022","Bardi E, Gandolla M, Braghin F, Resta F, Pedrocchi ALG, Ambrosini E. Upper limb soft robotic wearable devices: a systematic review. *Journal of NeuroEngineering and Rehabilitation* 2022;19:87.",10.1186/s12984-022-01065-9 — fetched PMC9367113 (full text).,yes (CC BY 4.0).,"69 soft upper-limb devices across 105 papers. The field is overwhelmingly single-DOF, bench-tested and immature; almost nothing has been tested on patients.","69 devices / 105 articles. Actuation: pneumatic **52%**, cable+DC motor **29%**, passive **6%**, SMA **6%**, spring blades **3%**, hybrid **4%**. DOF: single **56%**, two **28%**, three-plus **<16%**. Joint targets: elbow **51%**, shoulder **45%**, wrist **33%**, forearm **10%**. Tested on people with disability: **7 devices**; on healthy subjects: **50**. TRL: 3 → 9%, 4 → 45%, 5 → 30%, 5/6 → 10%, 6 → 6%. Tracking accuracy achieved: shoulder flexion RMSE **2.12°**, shoulder abduction **3.05°**, elbow flexion **2.9–4.9°**, wrist **<3°**. Hand/palm contact forces **did not exceed 2.2 N**. Interface pressure distribution peak **20–40 kPa**. One device flagged as too heavy at **6.5 kg**. Only one formal clinical trial found: 20 sessions, 15 stroke survivors, hybrid exosuit.","Two requirements fall straight out of it. (1) **Interface pressure at the skin must sit in the 20–40 kPa band or below** — that is the empirical envelope soft devices actually operate in. (2) The achievable joint-angle tracking accuracy for a soft arm is **2–5° RMSE**; do not write a ±1° spec. It also confirms the honest positioning: at TRL 4–5, this project is in the same bracket as almost the entire published field.","**D** (systematic review of engineering literature, not of clinical trials).","Reviews wearables, not freestanding torsos. Only 7 of 69 devices ever met a patient. Says nothing about long-term skin tolerance, and the 20–40 kPa figure is a peak-pressure observation, not a validated safety threshold."
E1,"ARMin-III-hardware — Nef, Guidali & Riener, 2009","Nef T, Guidali M, Riener R. ARMin III — arm therapy exoskeleton with an ergonomic shoulder actuation. *Applied Bionics and Biomechanics* 2009;6(2):127–142.","10.1080/11762320902840179 — metadata and abstract verified via Crossref API and the Semantic Scholar Graph API (both fetched); the full text is Gold OA CC-BY per Unpaywall, but every hosting mirror I tried (Wiley, T&F, Hindawi, IOS) returned **403** to automated retrieval.","yes (Gold OA, CC BY) — but the team must download it manually.","The mechanical design of the exoskeleton used in the Klamroth-Marganska RCT, including a shoulder actuation principle that moves the humeral head rather than assuming a fixed glenohumeral centre.","**3 actuated DOF at the shoulder + 1 at the elbow**, plus an optional module for forearm pro/supination and wrist flexion/extension (6 actuated DOF total). Five devices manufactured. **Joint torque limits, velocities and ROM: not verified** — these are in Table 5 of the paper, which I could not retrieve. Do not cite a torque number for ARMin III until someone opens the PDF.","Sets the DOF allocation argument for a shoulder that must not fight the patient's scapulohumeral rhythm. A rigid exoskeleton needs 3 shoulder DOF plus humeral-head translation to avoid joint misalignment; a soft arm that only contacts the limb externally partly sidesteps this problem, which is a genuine argument in the project's favour and should be made explicitly.",**D** (design/description paper; the clinical validation is entry #3).,"Rigid exoskeleton, clinic-mounted, patient strapped in. Misalignment compensation is the central problem for exoskeletons and largely irrelevant to an external-contact soft assistant — cite it for the contrast, not the solution."
E1,"FM-MCID — Page, Fulk & Boyne, 2012","Page SJ, Fulk GD, Boyne P. Clinically important differences for the upper-extremity Fugl-Meyer Scale in people with minimal to moderate impairment due to chronic stroke. *Physical Therapy* 2012;92(6):791–798.",10.2522/ptj.20110009 — verified via eutils PMID 22282773.,no (abstract only).,Anchor-based estimate of how much Fugl-Meyer change a therapist actually regards as meaningful.,"n=146. Estimated **CID for UE-FM: 4.25 to 7.25 points**, depending on the movement facet. ROC AUC 0.61–0.70.","The acceptance criterion. If the team ever runs an efficacy claim, the target is ≥4.25 FM points — which means **RATULS (2.79) and the ARMin trial (0.78) both fell short**, and the team should say so in the design review before the reviewer does.","**B** (anchor-based psychometric study, not an RCT).","Mild-to-moderate chronic stroke only; anchor is the *treating therapist's* global rating, not the patient's; AUCs of 0.61–0.70 are weak discrimination."
E1,"UL-MCID-early — Lang, Edwards, Birkenmeier & Dromerick, 2008","Lang CE, Edwards DF, Birkenmeier RL, Dromerick AW. Estimating minimal clinically important differences of upper-extremity measures early after stroke. *Archives of Physical Medicine and Rehabilitation* 2008;89(9):1693–1700.",10.1016/j.apmr.2008.02.022 — verified via eutils PMID 18760153 (PMCID PMC2819021).,yes (PMC2819021).,"MCIDs for the battery a clinic would actually run, estimated early after stroke, split by dominant/non-dominant side.","n=52. Grip strength MCID **5.0 kg** (dominant) / **6.2 kg** (non-dominant). ARAT **12** / **17** points. Wolf Motor Function Test function score **1.0** / **1.2**. Motor Activity Log quality **1.0** / **1.1**. MCID indeterminate for composite strength, WMFT time and accelerometry duration of use.","Tells the team which instruments a clinic will use and what threshold each must clear. Note the ARAT MCID of 12–17 points is *far* above the ~5.7 figure that circulates in secondary sources — use 12–17 for early stroke and cite this paper. Also: accelerometry duration-of-use has **no** usable MCID, so don't build the evaluation plan around wear-time logging alone.",**B** (anchor-based psychometric substudy of an RCT).,"n=52, acute/subacute (9.5 → 25.9 days post-stroke), inpatient, single trial cohort. Authors state larger samples are needed and that MCIDs may shift with time post-stroke."
E1,"Reps-observed — Lang et al., 2009","Lang CE, MacDonald JR, Reisman DS, Boyd L, Jacobson Kimberley T, Schindler-Ivens SM, Hornby TG, Ross SA, Scheets PL. Observation of amounts of movement practice provided during stroke rehabilitation. *Archives of Physical Medicine and Rehabilitation* 2009;90(10):1692–1698.",10.1016/j.apmr.2009.04.005 — verified via eutils PMID 19801058 (PMCID PMC3008558).,yes (PMC3008558).,"What conventional therapy actually delivers, measured by observation rather than claimed. It is very little.","312 observed PT/OT sessions, 7 sites. Task-specific functional UE movements occurred in only **51%** of sessions addressing the upper limb. Mean **32 repetitions/session (95% CI 20–44)**. Gait: 357 steps/session (95% CI 296–418). No patient or therapist factor explained the variance.","**This is the competitive benchmark.** The bar to beat is 32 upper-limb repetitions per session. Any device that can supervise 150+ repetitions in 45 minutes is delivering ~5× the practice dose of a human therapist, and *that* is the defensible claim — not better kinematics.","**B** (prospective observational, convenience sample).",Convenience sample of 7 US sites in 2009; practice patterns may have shifted; observers counted repetitions with no standardised definition across movement categories.
E1,"Rep-dose-feasibility — Birkenmeier, Prager & Lang, 2010","Birkenmeier RL, Prager EM, Lang CE. Translating animal doses of task-specific training to people with chronic stroke in 1-hour therapy sessions: a proof-of-concept study. *Neurorehabilitation and Neural Repair* 2010;24(7):620–635.",10.1177/1545968310361957 — verified via eutils PMID 20424192 (PMCID PMC3235711).,yes (PMC3235711).,"300+ repetitions per hour is feasible in chronic stroke without excess pain or fatigue, and produced a large ARAT gain.","n=15 enrolled, 13 completed. Target **300+ repetitions/session (3 tasks × 100)**; achieved mean **322 repetitions/session**. Protocol: **1-hour sessions, 3×/week, 6 weeks (18 sessions)**. Attendance **97%**. Pain and fatigue ratings low. ARAT improved **+8 points** on average, maintained at 1 month. Impairment measure did **not** improve.","The repetition target for the requirements table: **300 repetitions/hour**, i.e. roughly **one assisted movement every 12 s** including rest. That is a hard cycle-time requirement for the arm — pneumatic fill/vent time, controller settling and re-positioning must all fit inside a ~12 s budget. Note this is ~10× the observed conventional dose (#13).","**C** (single-arm proof-of-concept, n=13, no control group).","No control group; chronic stroke with sufficient residual function to complete task repetitions — a frail, severely impaired or cognitively impaired elderly user will not sustain 322 reps/hour. Impairment did not change, so the mechanism of the ARAT gain is unclear."
E1,"Sarcopenia-EWGSOP2 — Cruz-Jentoft et al., 2019","Cruz-Jentoft AJ, Bahat G, Bauer J, Boirie Y, Bruyère O, Cederholm T, et al. Sarcopenia: revised European consensus on definition and diagnosis. *Age and Ageing* 2019;48(1):16–31.",10.1093/ageing/afy169 — verified via eutils PMID 30312372 and full text fetched from PMC6322506 (Table 3 cut-off points).,yes (PMC6322506).,"The consensus operational definition of sarcopenia, with numeric cut-offs — i.e. the quantitative definition of the user population's weakness.",Grip strength **<27 kg (men) / <16 kg (women)**. Chair stand **>15 s for five rises**. Appendicular skeletal muscle **<20 kg (men) / <15 kg (women)**; ASM/height² **<7.0 (men) / <5.5 kg/m² (women)**. Gait speed **≤0.8 m/s**. SPPB **≤8**. Timed-Up-and-Go **≥20 s**. 400 m walk: non-completion or **≥6 min**.,"Defines the user. A sarcopenic user generates **<27 kg / <16 kg** of grip — so any handle, grasp interface or ""hold on here"" affordance must work at forces well below that, and cannot rely on the user gripping to stay safe. The five-rise chair-stand cut-off (>15 s) sets the sit-to-stand timing the device must accommodate: assume **≥3 s per rise**, not the ~1.7–2 s of an able adult (see #16).","**D** (consensus statement, though built on a large evidence base).","European reference populations; cut-offs are diagnostic thresholds, not engineering safety limits. Says nothing about tolerance to applied external load."
E1,"STS-torques — Lau & Mombaur, 2024","Lau JCL, Mombaur K. Can lower-limb exoskeletons support sit-to-stand motions in frail elderly without crutches? A study combining optimal control and motion capture. *Frontiers in Neurorobotics* 2024;18:1348029.",10.3389/fnbot.2024.1348029 — fetched PMC11024314 (full text).,yes.,"Optimal-control computation of the joint torques a sit-to-stand actually costs for a 50th-percentile elderly woman, and the finding that a current commercial exoskeleton (TWIN) is **under-actuated** for crutch-free STS.","Hip torque **120.03 Nm** with exoskeleton / **95.79 Nm** without; knee **137.26 Nm** / **111.79 Nm**. Residual human contribution needed: hip **8.03 Nm**, knee **49.26 Nm**. TWIN motor capacity: hip **112 Nm**, knee **88 Nm** — insufficient. Motors required for full assistance: hip **≥121 Nm**, knee **≥140 Nm**. Phase durations: optimal-control lifting phase **1.67–2.00 s**; measured passive (no crutches) sitting **2.50 s** / lifting **1.80 s**. Peak crutch ground reaction force **330.3 N**; peak foot force (crutchless) **898.0 N**. Total modelled system mass 83.1 kg.","**The single most important reality check in this file for the postural-support ambition.** Full sit-to-stand assistance costs >120 Nm at the hip and >140 Nm at the knee. That is an order of magnitude beyond what a soft pneumatic upper body can produce, and it is at the *lower* limb, which this project does not even actuate. The honest scope for this project is *upper-body stabilisation and a handhold reaction force* — the ~330 N crutch reaction figure is the number that matters, because it is the load a freestanding torso would have to take through its base if a user pushes off it. **Design the base and torso structure to react ≥330 N applied at hand height without tipping**, and state explicitly that the device does not provide sit-to-stand lift.","**C** (simulation/optimal control with a single-participant motion-capture pilot; the participant was 25 years old, not elderly).","One motion-capture subject, aged 25, experienced with the exoskeleton; the ""frail elderly"" is a de Leva-based anthropometric model, not a real patient. Sagittal plane. Crutch forces come from a young user's technique. --- | Handle | Citation | Verified via | Number used | |---|---|---|---| | ADL-ROM | Magermans DJ, Chadwick EK, Veeger HE, van der Helm FC. Requirements for upper extremity motions during activities of daily living. *Clin Biomech* 2005;20(6):591–599. doi:10.1016/j.clinbiomech.2005.02.006 | eutils PMID 15890439 | 24 healthy women, 8 ROM tasks + 5 ADL, shoulder/elbow angles; largest demands are perineal care and hair combing (high humeral axial rotation), and combing/axilla-washing/spoon-feeding (large elbow flexion). Grade **B**. Numeric per-task angle table is in the paper body, not the abstract — **not verified here**. | | Age-ROM | Barnes CJ, Van Steyn SJ, Fischer RA. The effects of age, sex, and shoulder dominance on range of motion of the shoulder. *J Shoulder Elbow Surg* 2001;10(3):242–246. doi:10.1067/mse.2001.115270 | eutils PMID 11408905 | n=280, ages 4–70. Shoulder ROM **declines with age for every motion except internal rotation**, which increases. Women > men for all motions. Grade **B**. Absolute degree values are in the paper body — **not verified here**. | | Weight-comp | Verdel D, Bastide S, Vignais N, Bruneau O, Berret B. Human weight compensation with a backdrivable upper-limb exoskeleton: identification and control. *Front Bioeng Biotechnol* 2021;9:796864. doi:10.3389/fbioe.2021.796864 | publisher full text fetched | Identified equivalent **forearm+hand mass 1.93 ± 0.26 kg**; joint misalignment **0.21 ± 0.07 rad (≈12°)**; 65 participants across 3 sessions; significant static flexor EMG reduction. Grade **B**. | | Elbow-pJimp | Filius S, Janssen M, van der Kooij H, Harlaar J. Comparison of lower arm weight and passive elbow joint impedance compensation strategies in non-disabled participants. *IEEE ICORR* 2023:1–6. doi:10.1109/ICORR58425.2023.10304707 | eutils PMID 37941250 | n=12. All four compensation strategies cut anti-gravity elbow flexor EMG by **20–47%**. **Passive joint impedance contributed up to 60% of the passive elbow moment** — i.e. gravity compensation alone is not enough. Grade **B**. | | Shoulder-exo-GC | Atkins J, Chang D, Lee H. Design of a wearable shoulder exoskeleton robot with dual-purpose gravity compensation and a compliant misalignment compensation mechanism. *Wearable Technol* 2024;5:e4. doi:10.1017/wtc.2024.1 | PMC10936389 fetched | Arm ≈ **5% of total body mass**. Net compensation error held **within ±0.5 Nm** over the shoulder ROM. Device **3.6 kg** total (1.2 kg backpack frame). ROM **±90° abduction/adduction, ≈±90° flexion/extension**. Grade **C** (one subject, transparency validation only). | | Max-joint-torque | O'Sullivan P, Menolotto M, O'Flynn B, Komaris DS. Estimation of maximum shoulder and elbow joint torques based on demographics and anthropometrics. *IEEE EMBC* 2022:4346–4349. doi:10.1109/EMBC48229.2022.9870906 | eutils PMID 36086396 | n=19 dynamometry. BMI and forearm volume predict max shoulder (p<0.001) and elbow (p<0.005) torque; **R² 0.6–0.7**. Absolute Nm values are in the paper body — **not verified here**. Grade **C**. | | AAN-controller | Arantes AP, Bressan N, Borges LR, McGibbon CA. Evaluation of a novel real-time adaptive assist-as-needed controller for robot-assisted upper extremity rehabilitation following stroke. *PLoS ONE* 2023;18(10):e0292627. doi:10.1371/journal.pone.0292627 | publisher full text fetched | n=5 chronic stroke. Assistance modulated over **−6 N to +6 N** (negative = resistance). EMG trigger threshold **20% of max baseline EMG entropy**. **30 reps** (sessions 1–3) → **60 reps** (sessions 4–5); 5 s inter-target interval; 45–60 min sessions. EMG entropy rose significantly (t=3.73, p=0.02). Grade **C**. | | PSSP | Zhang Q, Chen D, Shen Y, Bian M, Wang P, Li J. Incidence and prevalence of poststroke shoulder pain among different regions of the world: a systematic review and meta-analysis. *Front Neurol* 2021;12:724281. doi:10.3389/fneur.2021.724281 | eutils PMID 34803873 | 21 studies. Pooled **incidence 0.29 (95% CI 0.21–0.36)** in 3,496 patients; pooled **prevalence 0.33 (95% CI 0.22–0.43)** in 3,701 patients. Grade **A** (SR/MA of observational studies). | | Skin-tears | Peres GRP, Bandeira da Silva CV, Strazzieri-Pulido KC, de Gouveia Santos VLC. Skin tears in older adult residents of long-term care facilities: prevalence and associated factors. *J Wound Care* 2022;31(6):468–478. doi:10.12968/jowc.2022.31.6.468 | eutils PMID 35678790 | n=69 LTC residents. Skin-tear **prevalence 11.6%**. Haematoma OR **9.159** (p=0.017); actinic purpura OR **6.265** (p=0.033). Grade **C**. | --- Every cell is either **[cited]** with its source handle or **[INFERRED]** with the arithmetic shown. Do not let an inferred cell into a design review without the inference written next to it. | Requirement | Value | Source | |---|---|---| | End-effector assistive force, design target | **28 N** at the hand | [cited] MIT-MANUS (Krebs 1998) — explicitly chosen as elbow-extension strength of a weak seated woman | | End-effector assistive force, ceiling | **45 N** | [cited] MIT-MANUS | | Assist-as-needed modulation band | **−6 N to +6 N** about the nominal trajectory | [cited] AAN-controller (Arantes 2023) | | Cable/actuator tension for elderly passive shoulder stretch | **98–137 N** at the actuator (delivered force lower after friction) | [cited] Scapular-stretch-robot (Isobe 2026) | | Force overload margin before abort | **F_ref + 19.6 N** | [cited] Scapular-stretch-robot | | Emergency-stop latency | **≤25 ms** | [cited] Scapular-stretch-robot | | Shoulder gravity-compensation torque (arm horizontal) | **≈10 Nm** for a 70 kg user | **[INFERRED]** arm = 5% body mass [cited Shoulder-exo-GC] → 3.5 kg; whole-arm COM assumed 0.30 m from glenohumeral centre; 3.5 × 9.81 × 0.30 = 10.3 Nm. **The 0.30 m moment arm is assumed, not cited.** Measure it on real users before freezing. | | Elbow gravity-compensation torque (forearm horizontal) | **≈3 Nm** | **[INFERRED]** forearm+hand equivalent mass 1.93 kg [cited Weight-comp, Verdel 2022]; COM assumed 0.16 m from elbow; 1.93 × 9.81 × 0.16 = 3.0 Nm. **Moment arm assumed.** | | Gravity-compensation tracking error budget | **±0.5 Nm** over the shoulder ROM | [cited] Shoulder-exo-GC (Atkins 2024) | | Additional compensation beyond gravity | passive joint impedance is up to **60%** of the passive elbow moment — gravity compensation alone is insufficient | [cited] Elbow-pJimp (Filius 2023) | | Actuated DOF, shoulder + elbow | **3 shoulder + 1 elbow** minimum | [cited] ARMin-III-hardware (Nef 2009) | | Joint-angle tracking accuracy achievable by a soft arm | **2–5° RMSE** (shoulder flexion 2.12°, abduction 3.05°, elbow 2.9–4.9°) | [cited] Soft-UL-review (Bardi 2022) | | Shoulder ROM envelope to support | **±90° abduction/adduction, ≈±90° flexion/extension** | [cited] Shoulder-exo-GC (Atkins 2024) — device envelope, not a patient requirement | | ROM envelope must cover which ADL | perineal care and hair combing (high humeral axial rotation); combing, axilla washing, spoon feeding (large elbow flexion) | [cited] ADL-ROM (Magermans 2005) — qualitative; numeric angles need the PDF | | ROM derating for age | shoulder ROM **declines with age in every motion except internal rotation**, which increases; women exceed men throughout | [cited] Age-ROM (Barnes 2001) | | Assistive movement speed, elderly passive stretch | **≈8 s** to load a stretch, hold **≤5 s** — i.e. ~4× slower than manual therapy's ~2 s | [cited] Scapular-stretch-robot (Isobe 2026) | | Repetition cycle time | **≤12 s** per assisted repetition including rest | **[INFERRED]** 322 reps in a 1-hour session [cited Rep-dose-feasibility] → 3600/322 = 11.2 s; rounded up to 12 s | | Session duration | **45 min** | [cited] RATULS; ARMin-RCT | | Session frequency | **3× per week** | [cited] RATULS; ARMin-RCT; Rep-dose-feasibility | | Programme length | **8–12 weeks (24–36 sessions)** | [cited] ARMin-RCT (24); RATULS (36); T-WREX-RCT (24) | | Total delivered dose | **≈24 hours** | [cited] RATULS (median 23 h 28 min) | | Repetitions per session, minimum viable | **>32** (the conventional-therapy benchmark) | [cited] Reps-observed (Lang 2009) | | Repetitions per session, target | **300** | [cited] Rep-dose-feasibility (Birkenmeier 2010, achieved mean 322) | | Therapist supervision budget | **≈4 min per 60 min session** is demonstrated achievable | [cited] T-WREX-RCT (Housman 2009) | | Skin interface pressure | keep peak **≤20–40 kPa** | [cited] Soft-UL-review (Bardi 2022) — this is the observed operating band of published soft devices, **not** a validated injury threshold | | Hand/palm contact force in soft UL devices | observed **≤2.2 N** | [cited] Soft-UL-review | | Added mass per limb (wearable comparator) | **150 g** is achievable and was well tolerated | [cited] ALS-exosuit (Proietti 2023) | | Transparency when unpowered | must be mechanically transparent with the actuator off | [cited] ALS-exosuit | | Transparency reference figures | endpoint inertia **≈1 kg**, friction **<1 N** | [cited] MIT-MANUS — rigid-linkage figures; a soft arm will not match them | | Base/torso structural reaction load | react **≥330 N** applied at hand height without tipping or yielding | **[INFERRED from cited]** peak crutch ground reaction force in elderly-model sit-to-stand = 330.3 N [cited STS-torques, Lau & Mombaur 2024]. If a user pushes off the torso, that is the load path. Apply a safety factor. | | Sit-to-stand lift capability | **OUT OF SCOPE** — full STS needs ≥121 Nm hip and ≥140 Nm knee | [cited] STS-torques | | Sit-to-stand timing to accommodate | **≥3 s per rise** for a sarcopenic user | **[INFERRED]** EWGSOP2 five-rise cut-off >15 s [cited Sarcopenia-EWGSOP2] → >3 s/rise; able-adult lifting phase is 1.67–2.00 s [cited STS-torques] | | Grip force the design may assume from the user | **<27 kg (men) / <16 kg (women)** — i.e. assume the user cannot hold on | [cited] Sarcopenia-EWGSOP2 | | Shoulder handling constraint | **~29–33% of stroke users have painful shoulders** — force limits at the shoulder must be conservative and pain-triggered | [cited] PSSP (Zhang 2021) | | Skin fragility constraint | **11.6% skin-tear prevalence** in long-term-care elderly; haematoma raises odds 9×, actinic purpura 6× | [cited] Skin-tears (Peres 2022) — implies shear and friction at the cuff matter more than normal pressure | | Outcome measures a clinic will run | Fugl-Meyer UE, ARAT, Wolf Motor Function Test, Motor Activity Log, grip dynamometry | [cited] UL-MCID-early (Lang 2008); RATULS; ARMin-RCT | | Efficacy acceptance threshold, FM-UE | **≥4.25 points** (range 4.25–7.25) | [cited] FM-MCID (Page 2012) | | Efficacy acceptance threshold, ARAT | **12 points** (dominant) / **17** (non-dominant), early post-stroke | [cited] UL-MCID-early | | Efficacy acceptance threshold, grip | **5.0 kg** (dominant) / **6.2 kg** (non-dominant) | [cited] UL-MCID-early | | Safety acceptance threshold | excess dropout risk difference ≈ **0.00 (95% CI −0.02 to 0.02)**; adverse events rare and unrelated to intervention | [cited] Cochrane-RAT; RATULS | **Gaps this table does not fill and the team must not paper over:** Box and Block MCID — I could not verify a primary source and therefore do not report a number. ARMin III joint torques — in the paper, but the PDF is unretrievable by tool; get it manually. Absolute maximum shoulder/elbow torque in Nm for older adults — O'Sullivan 2022 has it in the body text, not the abstract. Interface pressure *injury* thresholds for aged skin — no primary source retrieved; the 20–40 kPa figure is descriptive, not a limit. --- Robot-assisted upper-limb therapy does **not** beat conventional therapy when the two are matched for time, and the team should say that out loud in the first slide rather than have a reviewer say it in the last. RATULS — 770 patients, the biggest trial there is — found robot training no better than an intensity-matched therapy programme on the primary outcome (44% vs 50% success, OR 1.17, 98.3% CI 0.70–1.96), and the ARMin trial's win over conventional therapy was 0.78 Fugl-Meyer points, roughly a fifth of the 4.25-point minimum that a therapist would call meaningful. The Cochrane review's pooled effects (SMD 0.31–0.46) are real, high-GRADE, and small, and they are mostly comparisons against *less* therapy, not against *equal* therapy — which is the tell: Lohse's meta-regression (g=0.35) says the active ingredient is dose, and Lang's observational data says conventional therapy delivers a pitiful **32 upper-limb repetitions per session** while Birkenmeier showed **322 per hour** is achievable. That is the defensible thesis for this project — not better movement, more of it, cheaper, for more hours than a human will stand there — and it reframes the spec from ""recover motor function"" to ""deliver 300 supervised repetitions an hour with a 4-minute human-attention budget."" ""Meaningful assistive force"" is numerically modest and well within reach of soft actuation: **28 N at the hand** is the clinically-argued target (MIT-MANUS chose it as the elbow-extension strength of a weak seated woman), **45 N** is the ceiling, and assist-as-needed modulation happens in a **±6 N** band — meanwhile arm-weight support alone, with *zero* actuator torque, produced sustained gains in the T-WREX RCT, which is the strongest hint in this literature that the project should lead with gravity compensation (≈10 Nm shoulder, ≈3 Nm elbow, both INFERRED and both needing measurement) rather than trajectory-driving torque. Kill the sit-to-stand ambition now: crutch-free STS costs >121 Nm at the hip and >140 Nm at the knee, a commercial lower-limb exoskeleton already fails that test, and this project doesn't even actuate the legs — the honest scope is a stable handhold, and the structural requirement that falls out of it is that the torso and base react **≥330 N at hand height without tipping**. Design for a user who cannot grip (sarcopenia cut-offs are <27 kg men / <16 kg women, so the device must never depend on the user holding on), whose shoulder hurts about a third of the time after stroke, whose skin tears at 11.6% prevalence in long-term care — meaning cuff *shear* is the injury mode to engineer against, not peak normal pressure — and who needs assistive motion roughly **four times slower** than a therapist moves (8 s to load a stretch, not 2 s). Finally, note what every source in this file has in common and what the project does not: all of them were supervised, all of them were clinic- or lab-based, the Isobe protocol literally required an operator within 2 m with a 25 ms e-stop, and **not one retrieved study validates unsupervised assistive physical contact with a frail elderly person** — so the requirements table above is a *supervised-use* spec, and any claim about autonomous home or care-home operation is currently unsupported by clinical evidence. ---"
E2,"HRI Scale Database — Saad et al., 2026","Saad, L., Roesler, E., Phillips, E., & Trafton, J. G. (2026). The human-robot interaction scale database. *Frontiers in Robotics and AI*, 13, 1846413.",https://doi.org/10.3389/frobt.2026.1846413 — **fetched the Frontiers full text** and the live database at http://hriscaledatabase.psychology.gmu.edu/,yes (Frontiers CC-BY),"The first centralised, publicly browsable repository of HRI measurement scales, each scored against a 13-point psychometric development/validation guideline. It is the tool that settles the instrument argument in a design review instead of prolonging it.","Paper reports 53 instruments across 12 constructs, collectively >73,000 citations; live site listed 47 scales in 11 categories when I fetched it (the site is updated after publication — cite the paper's numbers and check the site for current entries). **92% of HRI researchers have relied on non-validated custom scales.** Scale quality correlates with publication year, r = 0.56, p < 0.001. Quality ratings I pulled directly from the database pages: **Perceived Danger 100%, GAToRS 100%, RoSAS 85%, NARS 69%, Trust in Automation (Körber/TiA) 62%, Kamide Psychological Safety 54%, Trust Perception Scale-HRI 31%, Godspeed 23%.**","This is the defence for every instrument choice in the campaign. It also kills the ""we'll write our own 10 questions"" option outright — the team can point at the 92% figure and say that is exactly the failure mode they are avoiding.",D (review/resource) — but operationally the highest-value item in this list.,"Ratings score *reporting quality of the development paper*, not how well a scale works in your specific context. A 23% rating does not mean Godspeed produces garbage data; it means its development paper did not report what modern psychometric guidelines require. Almere/UTAUT are not in the database at all. ---"
E2,"Perceived Danger (PD) scale — Molan et al., 2025","Molan, J., Saad, L., Roesler, E., McCurry, J. M., Gyory, N., & Trafton, J. G. (2025). The Perceived Danger (PD) Scale: Development and Validation. *2025 20th ACM/IEEE International Conference on Human-Robot Interaction (HRI)*, 420–428. Short form: Saad, L., Roesler, E., McCurry, J. M., Gyory, N., & Trafton, J. G. (2025). Development of the Perceived Danger-Short Form (PD-SF) Scale: Scale Reduction and Validation. *2025 34th IEEE RO-MAN*, 2178–2183.",https://doi.org/10.1109/HRI61500.2025.10973898 and https://doi.org/10.1109/RO-MAN63969.2025.11217856 — **both verified via Crossref**; scale description and free scoring PDF **fetched** from http://hriscaledatabase.psychology.gmu.edu/social/2025/01/06/PD.html,no for the papers (IEEE); **yes for the instrument** — the administration-and-scoring PDF is a free download from the GMU database,"A purpose-built instrument for ""the anticipation of harmful consequences of the actual or imagined interaction with another entity"" — i.e. the construct this project actually cares about, rather than a generic likeability proxy.","12 items, 4 subscales × 3 items: Affective States (nervousness, anxiety, stress), Physical Vulnerability (exposure to injury, injury severity, pain likelihood), Ominousness (menacing, threatening, intimidating), Cognitive Readiness (alertness, vigilance, caution). Quality rating 100% (all 13 guideline criteria met, including reported reliability and validity tests). **Cronbach's alphas and validation sample sizes: not stated on the database page I fetched — the team must pull them from the paper before quoting them.** A short form exists (PD-SF) for repeated within-session administration.","This is the primary DV for the approachability campaign. ""Physical Vulnerability"" and ""Ominousness"" map directly onto a freestanding torso with two arms that a person is expected to stand inside the reach envelope of. Use the full PD at pre/post and PD-SF between conditions.","A (validated instrument, top-rated on the GMU guideline).","New (2025), so little third-party replication yet. Validation samples are almost certainly online/US undergraduate — I could not confirm any elderly validation. ---"
E2,"Godspeed Questionnaire Series — Bartneck et al., 2009","Bartneck, C., Kulić, D., Croft, E., & Zoghbi, S. (2009). Measurement instruments for the anthropomorphism, animacy, likeability, perceived intelligence, and perceived safety of robots. *International Journal of Social Robotics*, 1(1), 71–81.",https://doi.org/10.1007/s12369-008-0001-3 — **verified via Semantic Scholar API**; subscale/alpha detail **fetched** from https://www.bartneck.de/publications/2009/measurementInstrumentsRobots/,partial — Springer hybrid (CC-BY-NC per Semantic Scholar); the author distributes the questionnaire itself free at bartneck.de,"The de facto standard 5-index semantic-differential battery for robot perception. Its **Perceived Safety** index (3 items: anxious/relaxed, agitated/calm, quiescent/surprised) is the most-cited operationalisation of the exact thing this project claims to improve.","24 items total on 5-point semantic differentials. Anthropomorphism 5, Animacy 6, Likeability 5, Perceived Intelligence 5, **Perceived Safety 3**. Reported alphas: Anthropomorphism .856–.929; Likeability .842–.923; Perceived Intelligence .75–.769; Animacy .702. Translated into 19 languages. Free to use. **GMU guideline rating: 23%.**","Include the 3-item Perceived Safety index *for comparability* — most of the soft-robot papers in this list used it or something adapted from it, so it is how the team's numbers get compared to prior work. Do not make it the primary DV.","A (validated instrument, enormous usage base) with a caveat: A for comparability, C for psychometric rigour by 2026 standards.","Developed pre-2010 without modern factor-validation reporting, hence the 23%. The 3-item safety index is short enough to be noisy. Semantic differentials confuse some older participants — pilot it. ---"
E2,"Robotic Social Attributes Scale (RoSAS) — Carpinella et al., 2017","Carpinella, C. M., Wyman, A. B., Perez, M. A., & Stroessner, S. J. (2017). The Robotic Social Attributes Scale (RoSAS): Development and Validation. *Proceedings of the 2017 ACM/IEEE International Conference on Human-Robot Interaction (HRI '17)*, 254–262. Independent re-validation: Pithayarungsarit, P., Saad, L., Trafton, J. G., & Roesler, E. (2025). A Systematic Validation of the Robotic Social Attributes Scale (RoSAS). *Proceedings of the 2025 ACM/IEEE HRI*, 1547–1552 (HRI 2025 honorable mention).",https://doi.org/10.1145/2909824.3020208 — **verified via Semantic Scholar API** (ACM DL returns 403 to automated fetches); scale detail **fetched** from http://hriscaledatabase.psychology.gmu.edu/social%20attributes/2024/06/12/RoSAS.html,no (ACM paywall; author copies circulate),"18-item scale with three factors — **Warmth, Competence, Discomfort** — grounded in the Fiske warmth/competence model of social perception. Crucially, the authors show Discomfort is *not* merely unfamiliarity, and that these attributions shift with robot appearance.","18 items, 3 subscales, 9-point frequency ratings of trait words. GMU guideline rating **85%** — the highest-rated general-purpose social-perception scale in HRI. One criterion failed: the initial sample-to-item ratio did not reach 10:1. Items are printed in the paper but the GMU database does **not** redistribute them pending author permission.","This is the approachability instrument. ""Warmth"" is the closest validated construct to what the team means by approachable; ""Discomfort"" catches the uncanny/creepy failure mode that a humanoid torso with two soft arms is genuinely at risk of. Pair with PD: PD measures *danger*, RoSAS measures *social welcome*. They are not the same thing and a compliant torso could plausibly move one without the other.",A.,"Validated on US online/undergraduate samples with robot *images*, not physical contact. No elderly validation that I could confirm. The 2025 systematic re-validation exists and the team should read it before assuming the 3-factor structure holds in their context — I verified that paper exists and won an honourable mention but could not fetch its findings. ---"
E2,"Softness, warmth and responsiveness in robot hugs — Block & Kuchenbecker, 2019","Block, A. E., & Kuchenbecker, K. J. (2019). Softness, Warmth, and Responsiveness Improve Robot Hugs. *International Journal of Social Robotics*, 11(1), 49–64.",https://doi.org/10.1007/s12369-018-0495-2 — **verified via Crossref**; **full PDF fetched and text-extracted** from https://files.ait.ethz.ch/projects/HuggieBot/HuggieBot2018.pdf,partial — free author PDF at the ETH link above,"The single cleanest causal test in this entire literature of whether adding compliance to a rigid robot changes perceived safety during real physical contact. A PR2 hugged people in Hard-Cold, Soft-Cold and Soft-Warm conditions.","**n = 30** (14M/15F/1 other), **ages 21–54, M = 26.8, SD = 8.5**; 23 engineering students, 25 of 30 from technical backgrounds. **Within-subjects**, 12 randomised trials each (3 physical + 9 behavioural), order pre-randomised for up to 40 participants. Key results: covering the robot in foam **significantly raised perceived safety, F(2,58) = 5.28, p = 0.0078**, both soft conditions preferred over hard, **no significant difference between the two soft conditions**; Hard-Cold vs Soft-Cold was ""close to the threshold of significance … interpreted with caution."" Comfort during the hug needed foam **and** heat: F(2,58) = 3.17, **p = 0.049**, effect located between Hard-Cold and Soft-Warm. **No significant effect of any physical condition on how social or caring the robot was perceived. No physical condition made participants significantly happier.** Pre/post exposure: participants felt significantly more understood (p < 0.005), trusted the robot more (p < 0.005), liked its presence more (p < 0.005). Participants needed 2–3 practice hugs before being comfortable starting.","This is the load-bearing citation for ""compliance improves perceived safety,"" and it is also the citation that bounds the claim. Copy its design: within-subjects, covered vs uncovered, same robot, same motion, perceived-safety DV. Also copy its practice-trial protocol — the acclimatisation period is a real experimental requirement, not politeness.","B (controlled within-subjects, real physical contact, but small n and a heavily WEIRD/technical sample).","n = 30 young technical volunteers from the Penn engineering community — the least representative possible sample for an elderly-care claim. Hugging is not assistance. And note what softness did *not* buy: no gain in perceived sociality, caring, or happiness. ---"
E2,"Perceived safety for soft robotics in caregiving — Du Pasquier et al., 2025","Du Pasquier, C., Grannen, J., Pan, C., Huber, S. L., Smith, A., Kennedy, M., Song, S., Sadigh, D., & Okamura, A. M. (2025). A Study of Perceived Safety for Soft Robotics in Caregiving Tasks. arXiv:2503.20916 [cs.RO].",https://arxiv.org/abs/2503.20916 — **fetched both the abstract page and the full HTML** at https://arxiv.org/html/2503.20916,yes (arXiv),A soft (positive + negative pressure) 3D-printed gripper performed a simulated bathing task — sweeping a towel along a participant's arm — and trust in robots was measured before and after.,"**n = 106, ages 18–89**, recruited at a robotics-centre launch event, Nov 2024. **Within-subjects pre/post**, 7-point Likert trust and familiarity items. Trust rated at ceiling (7) rose **21.3% → 39.6%**; low ratings (1–3) fell **14.8% → 2.8%**. The robotic arm moved to the participant's elbow and swept three times, so this is genuine physical contact. FEA-designed gripper showed a lower, more uniform pressure profile than a standard rigid gripper in bench tests. IRB approval stated. **No p-values, no effect sizes, no inferential statistics reported. No rigid-gripper control condition in the human study.**","Best available precedent for the exact study the team wants to run — contact with a soft end effector, wide age range, event-based recruiting, pre/post trust. Read it for the protocol, not for the conclusion.",C (pilot; large n but uncontrolled and statistically unreported).,"This design cannot separate ""softness increased trust"" from ""any successful robot demo increases trust."" The Block study shows exposure alone moves trust significantly (p < 0.005), which is very likely most of what happened here. Self-selected attendees at a robotics launch event are the most pro-robot sample imaginable. The paper's own claim that ""soft robotics can enhance perceived safety and acceptance"" is not supported by the design it reports. ---"
E2,"Perceived safety of soft-robot-hand motions — Wang et al., 2024","Wang, Y., Wang, G., Ge, W., Duan, J., Chen, Z., & Wen, L. (2024). Perceived Safety Assessment of Interactive Motions in Human–Soft Robot Interaction. *Biomimetics*, 9(1), 58.",https://doi.org/10.3390/biomimetics9010058 — **fetched the PMC full text** at https://pmc.ncbi.nlm.nih.gov/articles/PMC10813124/,yes (MDPI CC-BY),"15 interactive motions of a soft humanoid robotic hand executed on participants' forearms, rated for perceived safety. The finding that matters: **motion parameters, not material softness, drove the ratings.**","**n = 30** (12M/18F), **ages 18–31, M = 21.63, SD = 5.37**. Custom **9-item, 5-point** scale (acceptance, reliability, emotional comfort, fluency, sense of security, sense of control, willingness to use, motion semantics, general safety), adapted from Akalin's perceived-safety framework. **Cronbach's alpha not reported.** Slow contact motions scored significantly higher than fast, **p < 0.01**. Negative semantic clarity correlated with reduced safety, **r = −0.661, p < 0.01**. High- vs moderate-acceptance participants, **t = −15.911, p < 0.01**; low vs high-moderate risk tolerance, **t = 3.485, p < 0.01**. Participants clustered as proactive (12), tech-savvy (4), conservative (6), cautious (8).","Direct evidence that the team's arm **speed profile and motion legibility** will dominate perceived safety over the fact that the arm is soft. Budget engineering effort accordingly: a slow, predictable, semantically obvious approach motion buys more perceived safety than another durometer drop.","B (controlled, real contact, small n, unvalidated instrument).","Custom 9-item scale with no reliability reported — exactly the 92%-of-HRI-researchers failure mode. Ages 18–31, zero elderly participants. Chinese university sample. No rigid-hand control. ---"
E2,"User perceptions of soft robot arms and fingers for healthcare — Kim et al., 2016","Kim, D. H., MacDonald, B., McDaid, A., Kawamura, S., Kim, H. J., Bean, E. T., Fraser, F., & Broadbent, E. (2016). User perceptions of soft robot arms and fingers for healthcare. *2016 25th IEEE International Symposium on Robot and Human Interactive Communication (RO-MAN)*, 1150–1155.","https://doi.org/10.1109/ROMAN.2016.7745253 — **verified via Crossref and Semantic Scholar**; the findings below are quoted from Rajashekhar V S & Prabhakar (2025), *Soft is Safe: Human-Robot Interaction for Soft Robots*, arXiv:2502.01256, which I **fetched and grepped** — I could not fetch the Kim paper itself (IEEE paywall)",no,Blindfolded participants performed tactile tasks with soft vs rigid vs human arms and fingers. **Soft arms were rated more human-like but more fragile than hard arms; overly soft fingers were perceived as creepy and less reliable.**,"**none confirmed** — I could not access the primary text, so sample size, ages and statistics are unverified. Treat the qualitative direction as secondhand until someone reads the PDF.","The counterweight to the whole ""soft = approachable"" thesis, and it comes from a healthcare-robotics group (Broadbent is a serious HRI/health researcher). Softness buys human-likeness and loses perceived reliability — and for an assistive device a patient leans on, **perceived reliability is part of perceived safety.** Design review will ask this question; better to have raised it first.",C (primary numbers unverified by me; direction reported consistently in a PRISMA survey of 98 articles).,"Everything above. Get the PDF through NYU's IEEE subscription before citing it in the report, and replace this entry with real numbers. ---"
E2,"Lay perceptions of soft vs rigid socially assistive robots — Fenn et al., 2026","Fenn, J., Estadieu, L., Gorki, M., Monno, I., Tauber, F., Teichmann, J., Levy-Tzedek, S., Speck, T., Müller, O., & Kiesel, A. (2026). Informing robot design through early public engagement: lay perceptions of soft versus rigid socially assistive and rescue robots. *Frontiers in Robotics and AI*, 13, 1741946.",https://doi.org/10.3389/frobt.2026.1741946 — **fetched the PMC full text** at https://pmc.ncbi.nlm.nih.gov/articles/PMC13043413/ (Crossref-verified),yes,"The largest sample comparing soft vs rigid robot perceptions, using Cognitive-Affective Maps. Soft-robot scenarios produced more positive evaluations — and the authors are unusually honest that their own design cannot rule out order effects.","**n = 180** (218 recruited), German Prolific panel, Dec 2023. Emotional evaluation pre vs post: **F(1,178) = 14.68, p < .001, ηp² = .076**. Total concepts drawn: **F(1,178) = 250.05, p < .001, ηp² = .584**. Positively-rated concepts: **F(1,178) = 200.33, p < .001, ηp² = .530**; mean valence 0.19 (SD 0.47); 33% added no negative concepts. Qualitatively, soft robots gained concepts of safety, emotional comfort, adaptability — **and new concerns: fragility, emotional dependence, maintenance burden.**","Shows the *reputational* upside of softness is real at the level of public attitude, and simultaneously names the three objections the team will get in a design review. Also: the tiny effect size on emotional evaluation (ηp² = .076) next to the huge one on ""number of concepts drawn"" (ηp² = .584) tells you most of what happened was people elaborating more, not liking more.","B (well-powered, but confounded by design; authors say so).","Authors list them: fixed rigid→soft order creating anchoring, information artifacts (participants echoing the scenario text), demand characteristics from visible map revision, German-only sample, and SAR scenarios that unintentionally emphasised special-needs users. **Scenario-based — no participant met a robot.** No elderly breakdown reported. ---"
E2,"Godspeed with 178 older adults (TIAGo) — Tobis et al., 2023","Tobis, S., Piasek-Skupna, J., & Suwalska, A. (2023). The Godspeed Questionnaire Series in the Assessment of the Social Robot TIAGo by Older Individuals. *Sensors*, 23(16), 7251.",https://doi.org/10.3390/s23167251 — **fetched the PMC full text** at https://pmc.ncbi.nlm.nih.gov/articles/PMC10458894/ (Crossref-verified),yes (MDPI CC-BY),The reliability evidence that Godspeed actually works on an elderly sample — and the uncomfortable finding that **perceived safety scored significantly lower than likeability and perceived intelligence** for a mobile humanoid assistant.,"**n = 178 older adults, mean age 75.2 ± 9.6 (median 75); 62 participants (34.8%) aged ≥80**; 103 women; community and care-home residents. **Cronbach's alpha: Anthropomorphism .75, Animacy .87, Likeability .94, Perceived Intelligence .90, Perceived Safety .75, overall .90.** Anthropomorphism and Animacy significantly lower than the other subscales (p < 0.001); Likeability and Perceived Intelligence did not differ from each other but **both exceeded Perceived Safety (p < 0.001)**. Institutionalised participants rated Likeability (p < 0.05) and Perceived Safety (p < 0.001) *higher* than community dwellers. Age, gender, education and technology comfort had no significant effect.",Two things. (a) It licenses the team to use Godspeed with elderly participants and cite α ≥ .75 on every subscale in a 75-year-old sample — that is the strongest instrument-appropriateness argument available for this population. (b) It sets the realistic baseline: people can like a robot and rate it competent while still not feeling safe around it. Liking is not approachability.,"A (well-powered, elderly sample, instrument reliability reported).","Cross-sectional, single interaction, one robot (a rigid mobile manipulator, not a soft torso). Validation was internal consistency only — no factor confirmation. Ceiling effects on Likeability and Perceived Intelligence. Polish sample. **No soft/rigid comparison.** ---"
E2,"Older adults' attitudes and rejection — Pino et al., 2015","Pino, M., Boulay, M., Jouen, F., & Rigaud, A.-S. (2015). ""Are we ready for robots that care for us?"" Attitudes and opinions of older adults toward socially assistive robots. *Frontiers in Aging Neuroscience*, 7, 141.",https://doi.org/10.3389/fnagi.2015.00141 — **fetched the PMC full text** at https://pmc.ncbi.nlm.nih.gov/articles/PMC4512026/ (Crossref-verified),yes,"The rejection paper the team needs on file. Older adults largely do not see themselves as users of assistive robots, and humanoid form specifically draws hostility.","**n = 25, ages 58–86, M = 72.6**, 68% female; 10 with Mild Cognitive Impairment, 7 informal caregivers, 8 healthy older adults. Mixed questionnaire + 7 focus groups. **Healthy older adults' current adoption intention M = 0.13 / 3.0** — effectively zero. Future intention (M = 1.96) significantly exceeded current (M = 0.84), **Wilcoxon z = −3.08, p < 0.002**. Perceived usefulness: MCI 1.9/3.0, caregivers 1.86/3.0, **healthy older adults 1.13/3.0**. Privacy concerns in 56% of MCI participants; **47.9% of healthy older adults worried about machines replacing human contact.** Direct quote on humanoids: *""I'm against humanoid robots… what is the purpose of this ventriloquist dummy anyway?""*","Two hard constraints on the campaign. (a) Recruit the *right* elderly participants — healthy community-dwelling older adults will rate the device as ""for someone else"" and the data will say nothing. Target people with an actual functional need, or caregivers. (b) **Humanoid form is a liability, not an asset, with this population.** A freestanding torso with two arms is squarely in the shape this quote is attacking. The team should have a defensible reason the form is humanoid that is about biomechanics of assistance, not about approachability.",C (qualitative + small-n survey) — but methodologically sound and widely cited.,"n = 25, single French memory-clinic catchment, no robot contact (attitudes toward the concept). 2015, pre-Pepper-saturation. ---"
E2,"Taxonomy of factors influencing perceived safety + physiological/subjective measurement — Akalin et al., 2023 & 2022","Akalin, N., Kiselev, A., Kristoffersson, A., & Loutfi, A. (2023). A Taxonomy of Factors Influencing Perceived Safety in Human–Robot Interaction. *International Journal of Social Robotics*, 15(12), 1993–2004. Companion study: Akalin, N., Kristoffersson, A., & Loutfi, A. (2022). Do you feel safe with your robot? Factors influencing perceived safety in human-robot interaction based on subjective and objective measures. *International Journal of Human-Computer Studies*, 158, 102744.",https://doi.org/10.1007/s12369-023-01027-8 and https://doi.org/10.1016/j.ijhcs.2021.102744 — **both verified via Crossref**; the 2022 paper's record **verified via Semantic Scholar API** (ScienceDirect returns 403),"2023 paper — paywalled at Springer (repository copies circulate); **2022 paper — yes, hybrid CC-BY**","Perceived safety decomposes into six factors: **context of use, comfort, experience/familiarity with robots, trust, sense of control over the interaction, and transparent/predictable robot actions.** None of them is ""material stiffness."" The authors' framing line: *a robot that is safe by hardware and software design can still be perceived as unsafe.*","2022 study: **n = 27**, questionnaires plus physiological recording across varying robot behaviours. **Physiological signals were more predictive of perceived safety than facial expressions.** The 2023 taxonomy paper is a synthesis; I did not obtain its review corpus size.","This is the theoretical spine of the campaign and it reorients the design decision. If five of six levers are behavioural (control, transparency, predictability, familiarity, comfort) and one is contextual, then **the team's approachability gains will come from the interaction script and the motion profile, not from the silicone.** Concretely: give the participant a visible stop control, telegraph every motion, let them touch the arm before it moves.",D (review) for the taxonomy; B for the n = 27 empirical companion.,"n = 27 is underpowered for a six-factor model. Lab setting, no elderly participants confirmed. The taxonomy is a synthesis of a literature that is itself mostly WEIRD undergraduate studies. ---"
E2,"Robot speed and comfortable passing distance — Neggers et al., 2022","Neggers, M. M. E., Cuijpers, R. H., Ruijten, P. A. M., & IJsselsteijn, W. A. (2022). The effect of robot speed on comfortable passing distances. *Frontiers in Robotics and AI*, 9, 915972.",https://doi.org/10.3389/frobt.2022.915972 — **fetched the Frontiers full text** (Crossref-verified),yes,"Comfort as a quantified function of distance and speed, with a fitted model rather than a vibe.","**Exp 1: n = 32** (17M/15F, M age 32.0, SD 16.3, **range 19–81**), 9 distances 50–130 cm × 2 sides × 2 sequences. **Exp 2: n = 22** (11M/11F, M age 23.9, SD 3.42, range 19–35), 4 speeds (**0.35, 0.8, 1.25, 1.7 m/s**) × 2 sides × 4 distances × 2 scenarios = 48 trials. Both **within-subjects**. Comfort follows an inverted Gaussian in distance; comfort level 6 corresponds to roughly **80 cm centre-to-centre**. Exp 1: distance F(8,66) = 128.71, p < .0001, η² = .50; sequence F(1,66) = 119.37, p < .0001, η² = .11; passing side n.s. (F(1,66) = 0.03, p = .86). Exp 2: distance F(3,940) = 110.23, p < .0001, η² = .26; **speed F(3,940) = 30.20, p < .0001, η² = .09**; scenario F(1,940) = 64.00, p < .0001, η² = .06. Higher speed → lower comfort; overtaking worse than passing.","Gives the team a defensible numeric envelope for the approach protocol and a template for a **behavioural** approachability measure (stop distance in cm) that is not a questionnaire. Note that speed's effect (η² = .09) is real but three times smaller than distance's — set the standoff first, then tune speed.","A (well-powered within-subjects, modelled, one experiment spanning ages 19–81).","Mobile base passing a standing person, **not a stationary torso reaching toward a seated one** — the geometry the team cares about is different. Dutch lab sample. Exp 2 is all young adults. ---"
E2,"Physiological measurement of robot-induced anxiety — Kulić & Croft, 2007","Kulić, D., & Croft, E. (2007). Physiological and subjective responses to articulated robot motion. *Robotica*, 25(1), 13–27. Companion: Kulic, D., & Croft, E. A. (2007). Affective State Estimation for Human–Robot Interaction. *IEEE Transactions on Robotics*, 23(5), 991–1000.",https://doi.org/10.1017/S0263574706002955 and https://doi.org/10.1109/TRO.2007.904899 — **both verified via Crossref**; abstract and sample size **fetched** from the Cambridge Core page,no (both paywalled),"The origin of physiological perceived-safety measurement in HRI, and the result that safety-optimised motion planning measurably reduces reported anxiety.","**n = 36 subjects.** Inputs: heart rate, perspiration rate (skin conductance), facial muscle contraction (corrugator EMG), mapped to a 2D valence–arousal space via fuzzy inference (Robotica) and an HMM (T-RO). Two planners compared: a nominal potential-field planner vs a safe planner minimising potential collision force along the path. **Subjects reported less anxiety and surprise with the safe planner.**","If the team wants an objective DV to complement questionnaires, this is the canonical precedent — and the two Kulić/Croft papers are the ""physiological measures"" half of what the assignment brief calls ""Bartneck/Kulić & Croft perceived-safety measurement."" (Kulić and Croft are also co-authors on the Godspeed paper, which is why the two lines converge.) **Practical read: skin conductance is the only one of these three signals a senior design team can instrument reliably and cheaply.**","B (hardware-validated with 36 humans, no clinical population).","2007 hardware, 2007 sensors. Participants *observed* robot motion — no physical contact. Individual differences in electrodermal response are large and require per-subject baselining; a team without a physiology-literate member will produce uninterpretable traces. No elderly participants. ---"
E2,"Attitude and acceptance instruments: NARS, GAToRS, Almere","- NARS: Nomura, T., Suzuki, T., Kanda, T., & Kato, K. (2006). Measurement of negative attitudes toward robots. *Interaction Studies*, 7(3), 437–454. Companion: Nomura, T., Kanda, T., & Suzuki, T. (2006). Experimental investigation into influence of negative attitudes toward robots on human–robot interaction. *AI & Society*, 20(2), 138–150. - GAToRS: Koverola, M., Kunnari, A., Sundvall, J., & Laakasuo, M. (2022). General Attitudes Towards Robots Scale (GAToRS): A New Instrument for Social Surveys. *International Journal of Social Robotics*, 14(7), 1559–1581. - Almere: Heerink, M., Kröse, B., Evers, V., & Wielinga, B. (2010). Assessing acceptance of assistive social agent technology by older adults: the Almere model. *International Journal of Social Robotics*, 2(4), 361–375. Built on Venkatesh, V., Morris, M. G., Davis, G. B., & Davis, F. D. (2003). User acceptance of information technology: toward a unified view. *MIS Quarterly*, 27(3), 425–478.","10.1075/is.7.3.14nom, 10.1007/s00146-005-0012-7, 10.1007/s12369-022-00880-3, 10.1007/s12369-010-0068-5, 10.2307/30036540 — **NARS, AI&Society, GAToRS and UTAUT verified via Crossref; Almere verified via Semantic Scholar API.** Scale details **fetched** from the GMU database pages for NARS and GAToRS.",NARS no; AI&Society no; **GAToRS yes (CC-BY)**; Almere yes (Springer hybrid CC-BY-NC); UTAUT no.,,"**NARS:** 14 items, 3 subscales — S1 negative attitude toward interaction situations (6), S2 toward social influence of robots (5), S3 toward emotions in interaction (3); developed on 263 Japanese university students, confirmed on 240; a revised version reached **α = .80** after dropping 3 items; **GMU rating 69%**; items not redistributed by the GMU database. **GAToRS:** 20 items, 4 balanced subscales of 5 — Personal Positive, Personal Negative, Societal Positive, Societal Negative; **GMU rating 100%**; items listed publicly on the database page; paper is CC-BY. **Almere:** extends UTAUT with social-interaction constructs; explained **59–79% of variance in usage intentions and 49–59% of variance in actual use** across controlled and longitudinal studies in care settings. **Item count and per-construct alphas: not confirmed — Springer blocked every PDF route I tried. Do not quote an item count for Almere without opening the paper.**","Run **GAToRS** as the pre-exposure covariate. It is free, CC-BY, 20 items, 100%-rated, and balanced across personal/societal and positive/negative — which matters because a compliant care robot triggers societal-level reactions (""replacing carers"") that a personal-level-only scale misses. Use Almere only if the team runs a multi-week deployment; it is an adoption model, not a first-impression instrument.",A for all three as instruments.,"NARS is Japanese-normed 2006 and superseded. GAToRS is Finnish-normed online panels. Almere's validation is Dutch elder-care and is about *sustained use*, which a two-session senior-design study cannot observe. ---"
E2,"Trust instruments and why to be careful with them — Jian et al., 2000; Schaefer, 2016","Jian, J.-Y., Bisantz, A. M., & Drury, C. G. (2000). Foundations for an empirically determined scale of trust in automated systems. *International Journal of Cognitive Ergonomics*, 4(1), 53–71. Schaefer, K. E. (2016). Measuring Trust in Human Robot Interactions: Development of the ""Trust Perception Scale-HRI."" In *Robust Intelligence and Trust in Autonomous Systems* (pp. 191–218). Springer US.",https://doi.org/10.1207/S15327566IJCE0401_04 and https://doi.org/10.1007/978-1-4899-7668-0_10 — **both verified via Crossref**; quality assessments **fetched** from the GMU database trust pages. A free DTIC technical report of the Jian work exists at https://apps.dtic.mil/sti/tr/pdf/ADA395339.pdf.,Jian — partial (T&F paywall; DTIC report free). Schaefer — no.,,"**Jian:** 12 items from a 3-phase word-elicitation/questionnaire/paired-comparison study; cluster analysis yielded the 12 factors; **the scale was never validated by the authors**; no reliability reported; **GMU rating 46%**, flagged for non-standard item generation and unreported factor structure. **Schaefer:** 156-item pool → 42 after SME content validation → **40-item pre/post scale scored 0–100% giving a percentage trust score**, plus a **14-item** SME-recommended subscale (the GMU auditors could identify only 11 of those 14 items in the chapter); six experiments in development; **GMU rating 31%** — missing construct definition, no confirmatory factor analysis, incomplete item transparency. Full items are inside the chapter text.","This is where the team should *resist* the obvious move. ""Trust"" is the word everyone reaches for, and the two standard trust scales are the two worst-rated instruments relevant to this project. If the claim is about approachability and perceived safety, measure those directly with PD and RoSAS. If a trust number is required for the report, use Schaefer's 14-item short form and state the 31% rating in a footnote rather than letting a reviewer find it.","B (widely used, weakly validated).","Jian's scale was built for *automated systems* generally, not embodied robots that touch you; Schaefer's is functional-capability-weighted and explicitly may not capture feature-based (appearance, material) trust antecedents — which is precisely the variable this project manipulates. Neither has elderly norms. ---"
F1,"HuggieBot 2.0 / 3.0 — Block, Seifi, Hilliges, Gassert & Kuchenbecker, 2023 (ETH Zurich / MPI-IS)","Block, A. E., Seifi, H., Hilliges, O., Gassert, R., & Kuchenbecker, K. J. (2023). In the Arms of a Robot: Designing Autonomous Hugging Robots with Intra-Hug Gestures. *ACM Transactions on Human-Robot Interaction*, 12(2), 1–49.",10.1145/3526110 — **fetched** the arXiv full text (https://arxiv.org/pdf/2202.09935) for hardware detail; publisher HTML (dl.acm.org) returned 403. Crossref record verified.,yes (arXiv preprint 2202.09935; ACM THRI is OA).,"A custom, freestanding, human-sized hugging robot: two arms on a rigid V-shaped frame, a **custom inflated PVC torso (""HuggieChest"")** that both softens the robot and senses contact, a face screen, and autonomous hug behaviours.","2 × **6-DOF Kinova JACO arms** mounted horizontally on a custom metal frame; **angle and torque sensors at every joint**; torso = two heat-sealed/glued sheet-PVC chambers, rear chamber instrumented with an Adafruit BME680 barometric pressure sensor + MAX4466 electret microphone amp, streaming to ROS at ~45 Hz; heating via two Thermophore MaxHeat pads (35.6 × 68.6 cm); arms covered in foam padding; arm speed limited in firmware and arms ""can be mechanically overpowered by the user""; gesture classification 88% accuracy. Mass, reach, payload, assistive force: **not published**. Certification: **not published**. Human testing: **n = 32** (gesture corpus study) + **n = 16** (validation study) — healthy adults, not patients.","This is the closest existing thing to the proposed concept and it should be read line-by-line. Copy: the inflated-chamber-as-both-compliance-and-sensor trick (one pressure sensor + one microphone gives omnidirectional contact detection over a whole soft surface for ~$20 of parts); torque-threshold arm stopping as the ""adjust to any body size"" mechanism; firmware speed limits plus back-drivable arms as the safety story. Avoid: their arms are **rigid COTS Kinova units wearing foam**, i.e. they solved compliance at the *surface*, not in the *actuator* — if this project claims intrinsic compliance it must beat that, not match it.","B (lab prototype, extensive hardware results, 48 human subjects, no patients).","The paper documents its own torso failure modes: seams tearing and the resealable inflation valve popping open, both of which ""allow air to escape, change the feel of the robot's torso, and require re-inflation"" — they rebuilt the chamber for 3.0 with heat seal + HH-66 vinyl cement. Front-chamber sensors picked up so much cross-talk they were deleted in 3.0. No assistive force of any kind is delivered or measured; this is an affective-touch machine, not a load-bearing one. ---"
F1,"King Louie (and ""Grub"") — Best, Wilson & Killpack, 2015 (BYU RAD Lab / Pneubotics–Otherlab)","Best, C. M., Wilson, J. P., & Killpack, M. D. (2015). Control of a pneumatically actuated, fully inflatable, fabric-based, humanoid robot. In *2015 IEEE-RAS 15th International Conference on Humanoid Robots (Humanoids)*, 1133–1140.",10.1109/HUMANOIDS.2015.7363495 — **fetched** the author PDF (http://radlab.byu.edu/uploads/4/4/7/0/4470886/humanoids_2015.pdf) and extracted the text directly.,partial (author-hosted PDF is free; IEEE version paywalled).,"A **fourteen-DOF fully inflatable fabric humanoid** built by Pneubotics (an Otherlab affiliate), with a 1-DOF single-joint test article (""grub""). Structure *is* the pressurised bladder — there is no rigid skeleton. First published high-level control (MPC/LQR) for a fully inflatable soft humanoid.","**14 DOF** total (two arms, 5 DOF each per the related literature, plus torso joint); construction entirely **ballistic nylon fabric with internal bladders**; main structural bladder pressurised **1–2 psi gauge (≈7–14 kPa)**; antagonistic joint actuators rated **0–25 psi gauge**, but the authors ran only **0–17 psi ""because of pinching effects in the main chamber at higher pressures""**; demonstrated task = pick a board off a chair and place it in a box, **8/10 successes** using joint-space MPC. Mass, payload, contact force, reach: **not published in this paper**. Certification: none. Patient testing: **none**.","This is the existence proof that a freestanding, fully soft, dual-arm humanoid upper body can be built and controlled — so the project cannot claim that as novel. Copy: antagonistic pairs per joint on a common structural bladder; the low-pressure-structure / higher-pressure-actuator split. Avoid: assuming you can turn the actuator pressure up to spec — they lost a third of their pressure range to bladder pinching, which is exactly the failure that caps soft-arm force output.","B (hardware prototype, quantitative control results).","No force, payload or safety numbers are reported at all — a soft humanoid with no published payload is not evidence that soft humanoids can assist anyone. Control is the contribution; capability is undemonstrated. Pneubotics as a commercial soft-robot arm venture did not produce a marketed assistive product. ---"
F1,"RIBA / RIBA-II / ROBEAR — Mukai et al., 2010–2015 (RIKEN-TRI, then RIKEN-SRK)","Mukai, T., Hirano, S., Nakashima, H., Kato, Y., Sakaida, Y., Guo, S., & Hosoe, S. (2010). Development of a nursing-care assistant robot RIBA that can lift a human in its arms. In *2010 IEEE/RSJ International Conference on Intelligent Robots and Systems (IROS)*, 5996–6001.",10.1109/IROS.2010.5651735 (Crossref-verified). Specs **fetched** from RIKEN press releases: RIBA https://www.riken.jp/en/news_pubs/research_news/pr/2009/20090827/ ; RIBA-II https://www.riken.jp/en/news_pubs/research_news/pr/2011/20110802_2/ ; ROBEAR https://www.riken.jp/en/news_pubs/research_news/pr/2015/20150223_2/,no (IROS paper paywalled); press releases open.,The three-generation Japanese patient-transfer robot line — a bear-faced humanoid upper body on a wheeled base that physically picks a person up and moves them bed↔wheelchair. The only lineage in this table that actually lifts humans.,"**RIBA:** lifts a patient **up to 61 kg** bed→wheelchair and back; human-like arms with high-precision tactile sensors; **soft exterior of urethane foam**. **RIBA-II:** lifts **up to 80 kg**; added base and lower-back joints so it can crouch and lift from a futon at floor level; **Smart Rubber capacitance tactile sensor sheets** (first all-rubber capacitance tactile sensors) on arms and chest; arms described as high-rigidity / high-output-torque; mass **230 kg**. **ROBEAR:** mass **140 kg**; ""actuator units with a very low gear ratio""; three sensor types including **torque sensors**; Smart Rubber capacitive tactile sensors. DOF for all three: **not published in the sources I could fetch**. Certification: **not published**. Patient testing: RIBA-II testing with partner nursing-care facilities was **planned**; for ROBEAR the RIKEN release states **""none have yet been deployed in care-giving facilities.""**","This is the force target. 61–80 kg lift = **~600–785 N** of sustained assistive force. Copy: foam-over-structure plus full-coverage tactile skin on every surface that touches the patient; the Smart Rubber sheet-sensor idea is directly transferable to a soft torso. Avoid: the mass trajectory. They needed 230 kg of robot to lift 80 kg of person, then spent an entire generation getting back down to 140 kg and still shipped nothing.","A for RIBA/RIBA-II (lifting real humans in demonstrations, care-facility partnership), B for ROBEAR.","RIKEN states plainly that the original RIBA had ""functional limitations preventing commercialization."" The **RIKEN-SRK Collaboration Center was closed at the end of March 2015**, one month after ROBEAR was announced; project lead Dr. Mukai moved to Meijo University; no unit was ever deployed in a care facility. Fifteen years, three generations, zero deployments — the most important negative result in this entire table. ---"
F1,"RoNA (Robotic Nursing Assistant) — Ding et al., 2014 (HStar Technologies) — *industry*","Ding, J., Lim, Y.-J., Solano, M., Shadle, K., Park, C., Lin, C., & Hu, J. (2014). Giving patients a lift — the robotic nursing assistant (RoNA). In *2014 IEEE International Conference on Technologies for Practical Robot Applications (TePRA)*, 1–5.","10.1109/TePRA.2014.6869137 (Crossref-verified). IEEE Xplore blocked automated fetch (HTTP 418); specs **fetched** from a secondary conference paper describing the system: http://ieomsociety.org/ieom_2015/papers/671.pdf (Mahrouche, IEOM 2015) — treat these numbers as second-hand.",no (primary); the secondary description is open.,"A commercial-intent mobile patient-lift robot: humanoid upper torso with two lifting arms on a modified Segway holonomic base, nurse-teleoperated, intended to remove manual patient handling from nursing work.","Lift capacity **up to 500 lb (≈227 kg)**, quoted elsewhere as 150 lb one arm / 250 lb two arms / up to 500 lb; actuation is a **Worm Series Elastic Actuator (WSEA)** — one large WSEA per arm provides primary shoulder lift, three small WSEAs form lower shoulder and elbow; **small WSEA torque capacity 678 N·m**, ~50% of the large unit's strength; lower arm is the patient contact surface and is specified for ""increased force-fidelity and physical compliance""; also rated for transporting items **< 5 kg**. Total DOF, mass, reach: **not published in the sources I fetched**. Certification: **not published**. Patient testing: **not published / not verified**.","RoNA is the proof that **series elasticity scales to patient-lift torques** — 678 N·m in a compact worm-SEA module. It is also the only system here that explicitly partitions the arm into a high-force proximal segment and a compliant, high-fidelity distal segment that touches the patient. That proximal-stiff / distal-compliant split is a directly copyable architecture and it is the right answer to ""how do you get force and safety in the same arm.""","C–B, **I** (industry prototype; no peer-reviewed patient trial found).","HStar Technologies never brought RoNA to market; there is no published clinical trial, no certification, and no independent verification of the 500 lb figure. Specs circulate only via the company and via secondary summaries — a warning about the reliability of industry numbers generally. ---"
F1,"Blower-powered soft inflatable joints / inflatable hugging robot — Niiyama, Seong, Kawahara & Kuniyoshi, 2021 (Univ. of Tokyo)","Niiyama, R., Seong, Y., Kawahara, Y., & Kuniyoshi, Y. (2021). Blower-Powered Soft Inflatable Joints for Physical Human-Robot Interaction. *Frontiers in Robotics and AI*, 8, 720683.",10.3389/frobt.2021.720683 — **fetched** https://www.frontiersin.org/journals/robotics-and-ai/articles/10.3389/frobt.2021.720683/full,yes (CC BY 4.0).,"Very-low-pressure, blower-inflated fabric joints with internal tendon drive, built specifically for physical human–robot interaction, demonstrated on an **inflatable hugging robot**.","Operating pressure **50–300 Pa** (two orders of magnitude below King Louie); fabric ≈ **70 g/m² nylon**; range of motion **45–90°** depending on internal patch configuration; joint torque ""proportional to internal pressure and to the square of the radius""; prototypes from **100 mm to 3 m**; demonstrated **5+ independent actuators** in one system; contact detection from a **single internal pressure sensor**; four contact patterns tested (strong hug, light hug, thumping, handshake). Mass, payload, assistive force: **not published**. Certification: none. Patient testing: **none**.","This is the honest ceiling-setter for ""how soft can you go."" At 50–300 Pa the structure is intrinsically incapable of hurting anyone and equally incapable of assisting anyone mechanically — the torque scaling law (∝ P·r²) tells the team exactly which knob to turn: if pressure must stay low for safety, **diameter is the only remaining lever**, and that is a torso-scale design decision, not an actuator-selection decision. Copy the single-internal-pressure-sensor contact detection. Copy the continuous-blower architecture (a puncture leaks instead of exploding).",B.,"Authors state fabric hysteresis limits precision, buckling constrains maximum deflection, and scaling to larger systems needs further investigation. No force output, no payload, no human-subject protocol beyond contact-pattern demos. ---"
F1,"Soft robotic hand and arm system — Alspach, Kim & Yamane, 2018 (Disney Research)","Alspach, A., Kim, J., & Yamane, K. (2018). Design and fabrication of a soft robotic hand and arm system. In *2018 IEEE International Conference on Soft Robotics (RoboSoft)*, 369–375.",10.1109/ROBOSOFT.2018.8404947 (Crossref-verified) — **fetched** and text-extracted the Disney-hosted PDF (https://studios.disneyresearch.com/wp-content/uploads/2019/04/Design-and-Fabrication-of-a-Soft-Robotic-Hand-and-Arm-System.pdf).,partial (publisher-hosted author PDF free).,"A **6-DOF conventionally-actuated arm** wrapped in air-filled force-sensing modules and an inflated outer cover, with a 3D-printed hand with air-filled force-sensing fingertips. Explicitly ""soft skin on a hard robot"" rather than a soft robot.","**6 DOF** arm; **two air-filled force sensing modules** (heat-sealed polyurethane) on two links, each tubed to a pressure sensor for contact force feedback and passive impact absorption; inflated **polyethylene outer cover**, heat-sealed, with elastic relief features; internal projector displays through the translucent cover; arm dimensions given in the paper's kinematic figure (links of 214.6 mm and 373.15 mm, overall envelope 457.2 mm). Mass, payload, force range, reach: **not published**. Certification: none. Patient testing: **none** (validated by grasping a soft object and by bending the arm inside the cover).","The paper's own framing is the most useful thing in it: they cite King Louie, Grub, Sanan's inflatable manipulator and Marchese's soft continuum manipulator and then deliberately reject soft actuation because it ""requires complex control schemes,"" choosing instead to outfit a hard robot with soft, easy-to-integrate sensing. That is the mainstream engineering position this project is arguing against, and the team should be able to answer it. Also note their earlier 3D-printed skin modules failed because the rubber-like material was porous and could not hold pressure for extended periods — a direct materials warning for any inflated torso.",B.,"No force numbers, no payload, no human trial; the soft layer is cosmetic-plus-sensing, not load-bearing. Disney did not carry it into a product. ---"
F1,"GummiArm — Stoelen, de Azambuja, López Rodríguez, Bonsignorio & Cangelosi, 2022","Stoelen, M. F., de Azambuja, R., López Rodríguez, B., Bonsignorio, F., & Cangelosi, A. (2022). The GummiArm Project: A Replicable and Variable-Stiffness Robot Arm for Experiments on Embodied AI. *Frontiers in Neurorobotics*, 16, 836772.",10.3389/fnbot.2022.836772 — **fetched** https://www.frontiersin.org/journals/neurorobotics/articles/10.3389/fnbot.2022.836772/full,yes (CC BY; hardware CC BY-SA at github.com/GummiArmCE).,"An open-source, 3D-printed, variable-stiffness arm driven by antagonistic composite rubber/nylon tendons — the open-source arm with the most variable-stiffness joints.","**7+1 DOF**, **5 variable-stiffness antagonist joints**, scaled to 50th-percentile female anthropometry (upper arm ~300 mm, forearm+hand ~400 mm); **reach 0.7 m**; **total arm mass 3 kg** (v1.0 PLA), 1.1 kg below the shoulder; **payload 0.75 kg at rest pose, 0.45 kg at full extension**; tendons = Filaflex elastomer core twined with nylon thread, stiffness rising exponentially with elongation (R² = 0.94); stiffness modulated 0–100% co-contraction in real time; **material cost < $6,000** (~90% servos), structural plastic ~$20; ~77 h print time on a hobby FFF printer. Certification: none. Human testing: public exhibit 2016–2017 with **hundreds of handshakes per day** from random members of the public; 2 kg mass dropped from 1.3 m caused no structural damage; across five arms over six years **no Dynamixel servo was replaced due to mechanical failure**.","The single most useful number in this document for scoping: a well-engineered compliant anthropomorphic arm of realistic human scale carries **0.45 kg at full extension**. That is **~4.4 N**. Any assistive-force claim the team makes has to live between that and RIBA's ~600 N, and the team should decide now which end they are on. Copy: composite viscoelastic tendons (damping without metal springs, repairable in minutes), the co-contraction stiffness knob, and the ""hundreds of uncontrolled handshakes"" as a cheap, publishable safety-exposure protocol.",B.,"Authors are candid: payload ""significantly lower than industrial manipulators"" and insufficient for heavy manipulation; kinematic model degrades under load because the plastic flexes, so high gripper accuracy needs visual servoing; Dynamixel load sensing is slow and inaccurate; **composite tendons fail at their attachment points** and elastomer creep is expected with no long-term wear analysis done. ---"
F1,"PR2 as a robotic body surrogate — Grice & Kemp, 2019 (Georgia Tech)","Grice, P. M., & Kemp, C. C. (2019). In-home and remote use of robotic body surrogates by people with profound motor deficits. *PLOS ONE*, 14(3), e0212904.",10.1371/journal.pone.0212904 — **fetched** https://journals.plos.org/plosone/article?id=10.1371/journal.pone.0212904,yes.,"A web-based interface letting people with profound motor deficits operate a PR2 to perform self-care (feeding, face wiping, shaving, applying lotion) and household tasks, including a week-long in-home deployment.","PR2 — omnidirectional base, vertically translating torso, **two 7-DOF arms** with grippers, pan/tilt head; **20 controllable DOF** through the interface (9 DOF during ARAT testing). Patient testing: **n = 15** participants with profound motor deficits (ARAT ≤ 9 both limbs; SMA n=6, MD n=3, SCI n=3, ALS n=1, arthrogryposis n=1, Dejerine-Sottas n=1), mean age 36.9 ± 8.7, operating remotely from across the US; plus **n = 1** expert user (Henry Evans, quadriplegia from brain-stem stroke) for a **7-day in-home deployment**, 22 h 30 min 50 s of use. 80% success on the simulated self-care task; mean 4:29 ± 1:55 per ARAT item vs ~5 s for able-bodied. Safety: dense foam padding around grippers and base, **fabric-based tactile sensing skin on arms and base**, adjusted gains for back-drivable arms, low-velocity motions, emergency run-stops with trained caregivers. Assistive force: **not published** (task is manipulation, not load bearing). Certification: **not published**.","The gold standard for how to run patient testing on a contact robot, and the source of a safety recipe the team can copy wholesale: foam + tactile skin + back-drivable low-gain arms + low velocity + a caregiver-held run-stop. Also the honest recruitment arithmetic: 37 prescreened → 15 completed.",**A**.,"The authors' own verdict: ""The specific robotic hardware we used in our study is not sufficiently robust for longer-term use, nor is it cost-effective for consumers."" The PR2 line is dead; Willow Garage closed in 2014; Kemp's response was to co-found Hello Robot around a far simpler, cheaper single-arm platform. Depth perception through the interface remained a hard problem, and participants could not grasp a 1 cm marble. ---"
F1,"HOBBIT PT2 — Bajones, Fischinger, Weiss, Vincze et al., 2018/2019 (TU Wien et al.)","Bajones, M., Fischinger, D., Weiss, A., Wolf, D., Vincze, M., de la Puente, P., Körtner, T., Weninger, M., Papoutsakis, K., Michel, D., Qammaz, A., Panteleris, P., Foukarakis, M., & Adami, I. (2018). Hobbit: Providing Fall Detection and Prevention for the Elderly in the Real World. *Journal of Robotics*, 2018, 1754657. Companion field-trial paper: Bajones et al. (2019), *ACM Transactions on Human-Robot Interaction*, 9(2), 1–27, doi:10.1145/3368554. Earlier prototype: Fischinger, D., et al. (2016), *Robotics and Autonomous Systems*, 75, 60–78, doi:10.1016/j.robot.2014.09.029.","10.1155/2018/1754657 (Crossref-verified). Hardware and trial numbers **fetched** from the open companion chapter: https://www.intechopen.com/chapters/56864 (Vincze et al., doi:10.5772/intechopen.70453). Wiley and ACM HTML both returned 403.",partial (Journal of Robotics is OA but blocked automated fetch; the IntechOpen chapter is OA and fetchable).,A deliberately **low-cost** mobile service robot with a single arm for elderly fall prevention — picking objects off the floor so the user does not have to bend down — plus fall detection and emergency call. Multi-week autonomous deployment in real private homes.,"**Single arm** (users asked for two; one was built for cost reasons); **height 125 cm**, max width **56 cm at the shoulder**; RGB-D head camera (ASUS Xtion) plus a floor-parallel depth camera, pan/tilt active head; **safety edges/bumpers at the base and tablet mount**; **hardware BOM ≈ €16,000**, described as ""more than a magnitude cheaper than other similar robots"" and still unaffordable for the target users. Arm DOF, payload, mass: **not published in the fetched source**. Certification: **not published**. Patient testing: **18 primary users aged 75+** across Austria (7), Greece (4), Sweden (7), **3 weeks per household**, **372 days** total autonomous deployment; 16 secondary users.","The most brutally useful datum in the pass: **object pickup worked reliably on only 18% of the 372 deployment days**, while navigation ran at >98%. Manipulation in an unstructured home is where these systems die. If this project's assistive function depends on repeatable physical contact with a person in an uncontrolled environment, HOBBIT is the reliability baseline to beat, and 18% is the number to put in the design review.",**A** (multi-week deployment with real elderly users in their own homes).,"Reliability, not acceptance. Speech and gesture control underperformed; object pickup was unusable most of the time; the €16k BOM was still too expensive for the users it targeted; no commercial product resulted and the authors concede ""considerable work ahead."" ---"
F1,"Care-O-bot 3 / Care-O-bot 4 — Reiser et al., 2009 / Fraunhofer IPA — *industry + research*","Reiser, U., Connette, C., Fischer, J., Kubacki, J., Bubeck, A., Weisshardt, F., Jacobs, T., Parlitz, C., Hägele, M., & Verl, A. (2009). Care-O-bot® 3 — creating a product vision for service robot applications by integrating design and technology. In *2009 IEEE/RSJ International Conference on Intelligent Robots and Systems (IROS)*, 1992–1998.",10.1109/IROS.2009.5354526 (Crossref-verified). Care-O-bot 4 specs **fetched** from the official technical-data page: https://www.care-o-bot.de/en/care-o-bot-4/technical-data.html,no (primary paper); vendor spec page open.,"Fraunhofer IPA's flagship service/care robot line. Care-O-bot 4 is a modular mobile humanoid (base, torso, arms, sensor ring, head) with patented spherical neck and hip joints, buildable with zero, one, or two arms.","**29 DOF**; arm **7 DOF**, reach **≈ 90 cm**, **payload 5 kg**, built from **Schunk PowerBall modules** (PRL100, ERB145, ERB115); total mass **140 kg**; footprint 72 × 72 × 158 cm; omnidirectional base max **1.1 m/s**; joint max velocity 200°/s; **3 safety laser scanners with a safety PLC**, **2-channel Safe-Torque-Off**, **2-channel wireless emergency stop**; 48 V Li-ion. Torque sensing and explicit compliance control: **not stated on the technical data page**. Certification: no certification number claimed on that page (safety *architecture* is described, not a certificate). Patient testing: **not published / not verified in this pass**.","This is what a professionally engineered, functionally safe care robot's safety architecture looks like, and it is entirely **extrinsic** — scanners, a safety PLC, dual-channel STO, wireless e-stop. Copy the STO + dual-channel e-stop as the baseline the project must at minimum match, because ""it's soft"" is not a substitute for a functional-safety chain. Note the payload: 5 kg per 7-DOF arm on a 140 kg robot.","B, **I**.","Twenty-plus years and four generations without a care-market product. 140 kg of robot for a 5 kg arm payload. It remains a research/demonstration platform sold in small batches (the design is explicitly optimised for ""economical small-batch production"" in folded sheet metal), not a deployed assistive device. ---"
F1,"DLR LWR III → KUKA LBR iiwa — Albu-Schäffer, Haddadin, Ott, Stemmer, Wimböck & Hirzinger, 2007 — *research → industry*","Albu-Schäffer, A., Haddadin, S., Ott, C., Stemmer, A., Wimböck, T., & Hirzinger, G. (2007). The DLR lightweight robot: design and control concepts for robots in human environments. *Industrial Robot: An International Journal*, 34(5), 376–385.",10.1108/01439910710774386 (Crossref-verified). Specs **fetched** from https://www.dlr.de/en/rm/research/robotic-systems/arms/lwr-iii and https://www.kuka.com/en-de/products/robot-systems/industrial-robots/lbr-iiwa,no.,"The torque-sensing, impedance-controlled lightweight arm that defined physical human–robot interaction, and its commercial descendant, the first series-produced HRC-capable industrial robot.","**7 DOF** (R-P-R-P-R-P-P); **mass 14 kg**, **payload 14 kg** (1:1 ratio); **max reach 936 mm**; **completely torque controlled**, joint control at 3 kHz; position / torque / impedance control modes; joint torque sensors on the Harmonic Drive flex spline. **(LBR iiwa, KUKA page):** two variants, **7 kg payload (R800)** and **14 kg payload (R820)**, reach **800–820 mm**, 7 axes, **joint torque sensors in all seven axes**, axis-specific torque accuracy **±2% of maximum torque**, IP54, described by KUKA as ""the world's first series-produced sensitive, and therefore HRC-compatible, robot."" Certification: **no ISO 10218 / ISO/TS 15066 number appears on the fetched page** — the HRC claim is made in prose. Patient testing: none.","The reference point for *active* compliance done properly: measure joint torque, close an impedance loop, get compliance you can retune in software. The key comparison for the team is that a rigid 14 kg arm with torque sensors carries 14 kg, while a 3 kg compliant tendon arm carries 0.45 kg. Intrinsic softness is not free — it costs roughly two orders of magnitude of payload-to-mass ratio, and the design review needs to state what is bought with that.","B, **I** (iiwa).","For this project's purposes: no soft surface at all, no patient application, and the price/complexity of a torque-sensed harmonic-drive joint is out of reach for a senior design build. It also never entered care robotics — its market was industrial HRC. ---"
F1,"Rollin' Justin — Fuchs, Borst, Giordano et al., 2009 (DLR)","Fuchs, M., Borst, C., Giordano, P. R., Baumann, A., Kraemer, E., Langwald, J., Gruber, R., Seitz, N., Plank, G., Kunze, K., Burger, R., Schmidt, F., Wimböck, T., & Hirzinger, G. (2009). Rollin' Justin — Design considerations and realization of a mobile platform for a humanoid upper body. In *2009 IEEE International Conference on Robotics and Automation (ICRA)*, 4131–4137.",10.1109/ROBOT.2009.5152464 (Crossref-verified). Specs **fetched** from https://www.dlr.de/en/rm/research/robotic-systems/humanoids/rollin-justin,no (paper); DLR spec page open.,A mobile **humanoid upper body** — the closest rigid analogue of the proposed architecture: a torso with two compliant-controlled 7-DOF arms and two four-finger hands on a variable-geometry wheeled base.,"**51 DOF** total — 8 platform, **2 × 7 arms**, 2 × 12 hands, 2 neck, **3 torso**; height **1.91 m**; mass **≈ 200 kg**; **payload 20 kg**; max speed 2 m/s; >60 min battery; **torque sensors in nearly all joints**; **compliant hierarchical whole-body control**; 2 IMUs, 2 stereo + 5 RGB-D cameras. Certification: **not published**. Patient testing: **none** — DLR's applications are household tasks and teleoperated astronaut assistance (including teleoperation from the ISS).","The direct rigid-world benchmark for ""freestanding dual-arm upper body."" A 3-DOF actuated torso is the feature most projects skip and Justin did not — if this project wants a compliant torso rather than a compliant pair of arms bolted to a post, Justin is the kinematic reference. The 200 kg / 20 kg ratio is the number to quote when someone suggests the soft version should match it.",B.,"200 kg, one-of-a-kind, no cost figure published, no human-contact or clinical application in seventeen years of operation. Compliance here is entirely software over stiff hardware. ---"
F1,"COMAN and WALK-MAN — Tsagarakis et al., 2013 / 2017 (IIT)","Tsagarakis, N. G., Morfey, S., Medrano Cerda, G., Zhibin, L., & Caldwell, D. G. (2013). COMpliant huMANoid COMAN: Optimal joint stiffness tuning for modal frequency control. In *2013 IEEE ICRA*, 673–678. — and — Tsagarakis, N. G., Caldwell, D. G., Negrello, F., Choi, W., Baccelliere, L., Loc, V. G., Noorden, J., Muratore, L., Margan, A., Cardellino, A., Natale, L., & Mingo Hoffman, E. (2017). WALK-MAN: A High-Performance Humanoid Platform for Realistic Environments. *Journal of Field Robotics*, 34(7), 1225–1259.","10.1109/ICRA.2013.6630645 and 10.1002/rob.21702 (both Crossref-verified). COMAN specs **fetched** from the IIT lecture slides https://www.ais.uni-bonn.de/Humanoid_Soccer_School/slides/HSS_13_Lecture_Tsagarakis.pdf (Tsagarakis, Humanoid Soccer School 2013, text-extracted). WALK-MAN specs **fetched** from https://www.eurekalert.org/news-releases/798389 (IIT press release for the 2017 revision). Wiley returned 403.",no (both papers); slides and press release open.,"IIT's two generations of intrinsically compliant, series-elastic full humanoids — COMAN as the passive-compliance research platform, WALK-MAN as the disaster-response humanoid that operated in a post-earthquake scenario.","**25 major DOF** (arms, legs, torso; excluding hands and neck/head); **intrinsic passive compliance** plus joint torque sensing and active compliance; SEA at the sagittal leg joints, torso pitch and yaw, and **shoulder flex/ext, shoulder abd/add and elbow flex/ext**; **arm = 3-DOF serial shoulder + 1-DOF elbow**; **3-DOF serial torso mechanism**; no cable transmissions; 2 × 6-DOF F/T sensors, IMU, battery, full body covers with internal wiring. COMAN height and total mass: **widely quoted as 0.95 m / 31 kg but I could not confirm either from a source I fetched — treat as unverified.** **WALK-MAN (2017 revision, IIT release):** height **1.85 m**, mass **102 kg** (down from 133 kg), shoulder width 62 cm, torso depth 31 cm; **32 motors and control boards**; **elastic joints**; **payload 10 kg per arm**, sustained for 10+ minutes (up from 7 kg per arm); 4 F/T sensors at hands and feet, 2 accelerometers; 1 kWh battery ≈ 2 h; Ergal 60% / magnesium alloy 25% / titanium, steel, plastics. The JFR paper's original WALK-MAN is 1.915 m / 132 kg. Certification: none. Patient testing: **none**.","COMAN's arm topology (3-DOF serial shoulder + 1-DOF elbow, with SEA at shoulder flex/ext, abd/add and elbow) is a proven minimal compliant-arm kinematic that a student team can actually build, and IIT's own slides admit the honest part: **""the tuning of the series passive elasticity still remains an experimental trial and error process and very little information on the methodologies used is available.""** That is permission to tune empirically and a warning not to promise an optimal stiffness derivation. WALK-MAN's 10 kg/arm at 102 kg total is the current best-in-class payload-per-mass for an intrinsically compliant humanoid.",B.,"Disaster response, not care. No human-contact application, no patient testing, no certification, and both are unique research machines with no cost figure and no path to a care market. WALK-MAN's mass reduction from 133 → 102 kg to get from 7 → 10 kg per arm shows how expensive incremental force is on a compliant humanoid. ---"
F1,"Harvard soft inflatable shoulder exosuit — Zhou, Hohimer, Young et al., 2024 (Harvard Biodesign) — *competing approach*","Zhou, Y. M., Hohimer, C. J., Young, H. T., McCann, C. M., Pont-Esteban, D., Civici, U. S., Jin, Y., Murphy, P., Wagner, D., Cole, T., Phipps, N., Cho, H., Bertacchi, F., Pignataro, I., et al. (2024). A portable inflatable soft wearable robot to assist the shoulder during industrial work. *Science Robotics*, 9(91), eadi2377.","10.1126/scirobotics.adi2377 (Crossref-verified; science.org and the Harvard-hosted PDF both returned 403 to automated fetch — metadata and the headline numbers below were taken from the search-surfaced abstract text and Crossref, **not** from a page I successfully rendered. Flagged accordingly.)",no (paywalled; Zenodo record 11199453 exists).,A shirt-like textile pneumatic exosuit with integrated IMUs and a portable actuation unit that offloads the shoulder during overhead work.,"lower confidence** — not read off a fetched full text): up to **6.6 N·m** shoulder torque; adds **150 g per upper limb**; cycles assistance on/off up to **6×/min**; reduced agonist muscle activity (anterior/middle/posterior deltoid, biceps brachii) by up to **40%** with <7% ROM change and no increase in latissimus dorsi antagonist activity. Certification: **not published**. Patient testing: healthy participants in simulated industrial tasks (n **not verified**).","This is the competing answer to the same clinical problem and it is winning on the metric that matters. **6.6 N·m and 150 g per limb**, worn, beats every freestanding soft arm in this table on assistance-per-kilogram by orders of magnitude — because the wearer's own skeleton carries the load path and the robot only supplies torque. The team must be able to say why a freestanding torso is worth its mass penalty. The honest answers are: patients who cannot don a garment, tasks requiring bimanual external support, and contact that must not be anchored to a frail body. If the project cannot articulate one of those, the exosuit is simply the better design.","B, and **I**-adjacent (Harvard Biodesign spins this technology out commercially).","Industrial, not clinical, in this paper. Requires a portable pneumatic unit and donning; assists one joint pair only. ---"
F1,"Harvard soft robotic wearable for ALS — Proietti, O'Neill, Gerez et al., 2023 (Harvard Biodesign / MGH) — *competing approach*","Proietti, T., O'Neill, C., Gerez, L., Cole, T., Mendelowitz, S., Nuckols, K., Hohimer, C., Lin, D., Paganoni, S., & Walsh, C. (2023). Restoring arm function with a soft robotic wearable for individuals with amyotrophic lateral sclerosis. *Science Translational Medicine*, 15(681), eadd1504.","10.1126/scitranslmed.add1504 (Crossref-verified: authors, journal, volume, issue, year all confirmed). Full text paywalled; headline results below come from the Harvard SEAS news page surfaced in search, **not** from a rendered paper — lower confidence, flagged.",no.,"A battery-powered, textile-based soft wearable assisting shoulder elevation and elbow extension, evaluated in people with ALS.","battery-powered and cordless; detects residual arm motion and **calibrates in 30 s**; study with **10 participants** with ALS; improved range of motion, reduced fatigue, improved task performance. Torque, mass, actuator pressure: **not verified in this pass**. Certification: **not published**.","The only device in this whole table with a **clinical population, a quantified functional outcome, and a top-tier translational venue**. If the team wants an evidence-grade-A comparator for ""assistive force delivered to rehabilitation patients by a soft robot,"" this is it — and it is a garment, not a humanoid. Copy the outcome-measure framing (ROM, fatigue, task performance, muscle activity) because that is what a clinical reviewer will ask for, and no freestanding soft system in this table reports any of it.","**A** (patients), reported here at lower confidence on the numbers.",Assists an arm that still has residual motion; small n; single-joint-pair scope; no independent replication found in this pass. ---
